Analysis group,Analysis number,Analysis name,Subgroup,Subgroup number,Applicability,Study,Study year,GIV Mean,GIV SE,Experimental mean,Experimental SD,Experimental cases,Experimental N,Control mean,Control SD,Control cases,Control N,O-E,Variance,Weight,Mean,CI start,CI end,Footnotes
1,1,Survival of implant,,,SUBGROUP_AND_OVERALL,Boonen 2013,2013,,,,,0,82,,,2,81,,,14.831388,0.19759,0.009633,4.052886,
1,1,Survival of implant,,,SUBGROUP_AND_OVERALL,Hampton 2022,2022,,,,,0,38,,,1,39,,,13.469199,0.34188,0.014359,8.139895,
1,1,Survival of implant,,,SUBGROUP_AND_OVERALL,Kosse 2017,2017,,,,,0,21,,,0,21,,,,,,,
1,1,Survival of implant,,,SUBGROUP_AND_OVERALL,Kotela 2014,2014,,,,,0,49,,,0,46,,,,,,,
1,1,Survival of implant,,,SUBGROUP_AND_OVERALL,Sariali 2019,2019,,,,,0,40,,,2,40,,,14.986167,0.2,0.009904,4.038646,
1,1,Survival of implant,,,SUBGROUP_AND_OVERALL,Sun 2020,2020,,,,,0,40,,,0,40,,,,,,,
1,1,Survival of implant,,,SUBGROUP_AND_OVERALL,Teeter 2019,2019,,,,,1,25,,,0,25,,,13.605891,3.0,0.128029,70.296335,
1,1,Survival of implant,,,SUBGROUP_AND_OVERALL,Turgeon 2019,2019,,,,,2,25,,,1,29,,,24.717884,2.32,0.223458,24.086866,
1,1,Survival of implant,,,SUBGROUP_AND_OVERALL,Woolson 2014,2014,,,,,1,22,,,1,26,,,18.389471,1.181818,0.078396,17.815855,
1,2,Function,Function,1,SUBGROUP_AND_OVERALL,Abane 2015,2015,,,37.9,7.7,,70,38.2,8.2,,70,,,5.732065,-0.037512,-0.368836,0.293813,
1,2,Function,Function,1,SUBGROUP_AND_OVERALL,Abdel 2014,2014,,,61.0,12.0,,20,61.0,13.0,,20,,,3.243059,0.0,-0.619795,0.619795,
1,2,Function,Function,1,SUBGROUP_AND_OVERALL,Attard 2019,2019,,,36.67,7.7,,9,40.87,8.2,,23,,,2.385013,-0.507345,-1.289309,0.274619,
1,2,Function,Function,1,SUBGROUP_AND_OVERALL,Boonen 2013,2013,,,15.2,8.7,,82,15.1,8.5,,81,,,5.991889,0.011572,-0.295469,0.318613,
1,2,Function,Function,1,SUBGROUP_AND_OVERALL,Calliess 2017,2017,,,13.0,16.0,,100,26.0,11.0,,100,,,6.148818,-0.943273,-1.235755,-0.650791,
1,2,Function,Function,1,SUBGROUP_AND_OVERALL,Cucchi 2019,2019,,,7.17,10.5,,12,12.8,8.73,,10,,,2.080692,-0.555886,-1.414449,0.302678,
1,2,Function,Function,1,SUBGROUP_AND_OVERALL,Giannotti 2019,2019,,,85.2,6.2,,20,87.2,5.9,,20,,,3.214627,-0.323911,-0.948198,0.300376,
1,2,Function,Function,1,SUBGROUP_AND_OVERALL,Hampton 2022,2022,,,38.5,7.7,,40,37.7,8.2,,42,,,4.705754,0.099555,-0.333739,0.532849,
1,2,Function,Function,1,SUBGROUP_AND_OVERALL,Huijbregts 2016,2016,,,40.0,7.7,,66,38.0,8.2,,60,,,5.5244,0.250305,-0.100714,0.601324,
1,2,Function,Function,1,SUBGROUP_AND_OVERALL,Kosse 2017,2017,,,80.0,12.0,,21,85.0,13.0,,21,,,3.298033,-0.392139,-1.003379,0.2191,
1,2,Function,Function,1,SUBGROUP_AND_OVERALL,Kotela 2014,2014,,,17.1,15.3,,52,16.3,14.7,,40,,,4.905981,0.052737,-0.359539,0.465012,
1,2,Function,Function,1,SUBGROUP_AND_OVERALL,Maus 2018,2018,,,67.1,23.2,,59,72.5,23.5,,66,,,5.510482,-0.229762,-0.582112,0.122589,
1,2,Function,Function,1,SUBGROUP_AND_OVERALL,Pfitzner 2014,2014,,,24.0,18.4,,30,26.0,13.8,,30,,,4.063241,-0.121378,-0.627937,0.385181,
1,2,Function,Function,1,SUBGROUP_AND_OVERALL,Pietsch 2014,2014,,,86.0,12.0,,40,86.0,13.0,,40,,,4.65943,0.0,-0.438261,0.438261,
1,2,Function,Function,1,SUBGROUP_AND_OVERALL,Randelli 2019,2019,,,12.31,10.45,,32,10.28,8.42,,30,,,4.120782,0.210492,-0.289068,0.710052,
1,2,Function,Function,1,SUBGROUP_AND_OVERALL,Stolarczyk 2018,2018,,,69.3,15.8,,29,68.2,16.3,,29,,,3.995981,0.067606,-0.447264,0.582475,
1,2,Function,Function,1,SUBGROUP_AND_OVERALL,Tammachote 2018,2018,,,5.0,6.0,,51,4.0,6.0,,51,,,5.137076,0.165414,-0.223407,0.554234,
1,2,Function,Function,1,SUBGROUP_AND_OVERALL,Teeter 2019,2019,,,81.6,16.8,,25,82.7,13.6,,25,,,3.690581,-0.07084,-0.625391,0.48371,
1,2,Function,Function,1,SUBGROUP_AND_OVERALL,Turgeon 2019,2019,,,13.3,12.4,,25,12.8,8.9,,29,,,3.83796,0.046228,-0.488753,0.581209,
1,2,Function,Function,1,SUBGROUP_AND_OVERALL,Vundelinckx 2013,2013,,,311.1,67.88,,31,318.6,79.06,,31,,,4.13233,-0.100511,-0.598678,0.397656,
1,2,Function,Function,1,SUBGROUP_AND_OVERALL,Woolson 2014,2014,,,73.2,12.0,,22,82.1,13.0,,26,,,3.465669,-0.697351,-1.28349,-0.111211,
1,2,Function,Function,1,SUBGROUP_AND_OVERALL,Yan 2014,2014,,,36.7,5.4,,30,36.6,4.3,,30,,,4.067199,0.020221,-0.485853,0.526296,
1,2,Function,Function,1,SUBGROUP_AND_OVERALL,Zomar 2021,2021,,,92.44,18.4,,86,92.54,13.8,,87,,,6.088938,-0.006127,-0.304159,0.291906,
1,2,Function,KSS knee scores (short-term),2,SUBGROUP_AND_OVERALL,Abane 2015,2015,,,82.5,6.2,,70,83.3,5.9,,70,,,13.042289,-0.131471,-0.463133,0.200191,
1,2,Function,KSS knee scores (short-term),2,SUBGROUP_AND_OVERALL,Abdel 2014,2014,,,80.0,7.0,,20,82.0,7.0,,20,,,5.567278,-0.280038,-0.903193,0.343118,
1,2,Function,KSS knee scores (short-term),2,SUBGROUP_AND_OVERALL,Giannotti 2019,2019,,,85.2,6.2,,20,87.2,5.9,,20,,,5.551144,-0.323911,-0.948198,0.300376,
1,2,Function,KSS knee scores (short-term),2,SUBGROUP_AND_OVERALL,Hampton 2022,2022,,,89.4,6.2,,40,88.1,5.9,,42,,,9.456065,0.212922,-0.221377,0.64722,
1,2,Function,KSS knee scores (short-term),2,SUBGROUP_AND_OVERALL,Kosse 2017,2017,,,96.0,6.2,,21,93.0,5.9,,21,,,5.6907,0.486362,-0.128285,1.101009,
1,2,Function,KSS knee scores (short-term),2,SUBGROUP_AND_OVERALL,Kotela 2014,2014,,,77.9,16.9,,49,83.5,13.8,,46,,,10.322243,-0.358885,-0.764623,0.046854,
1,2,Function,KSS knee scores (short-term),2,SUBGROUP_AND_OVERALL,Maus 2018,2018,,,76.9,20.4,,59,82.8,18.6,,66,,,12.175754,-0.301186,-0.65439,0.052017,
1,2,Function,KSS knee scores (short-term),2,SUBGROUP_AND_OVERALL,Pfitzner 2014,2014,,,90.0,6.2,,30,89.0,5.9,,30,,,7.630684,0.163093,-0.343868,0.670053,
1,2,Function,KSS knee scores (short-term),2,SUBGROUP_AND_OVERALL,Pietsch 2014,2014,,,87.0,9.0,,40,89.0,10.0,,40,,,9.30786,-0.208207,-0.647716,0.231301,
1,2,Function,KSS knee scores (short-term),2,SUBGROUP_AND_OVERALL,Stolarczyk 2018,2018,,,74.1,20.4,,29,69.5,16.9,,29,,,7.421122,0.242266,-0.274467,0.759,
1,2,Function,KSS knee scores (short-term),2,SUBGROUP_AND_OVERALL,Woolson 2014,2014,,,86.4,6.2,,22,90.2,5.9,,26,,,6.195801,-0.618948,-1.201237,-0.036659,
1,2,Function,KSS knee scores (short-term),2,SUBGROUP_AND_OVERALL,Yan 2014,2014,,,92.3,7.1,,30,91.57,4.2,,30,,,7.639062,0.123523,-0.383054,0.630099,
1,2,Function,KSS function scores (short-term),3,SUBGROUP_AND_OVERALL,Abane 2015,2015,,,82.1,12.0,,70,78.3,13.0,,70,,,12.573849,0.302103,-0.03113,0.635336,
1,2,Function,KSS function scores (short-term),3,SUBGROUP_AND_OVERALL,Abdel 2014,2014,,,61.0,12.0,,20,61.0,13.0,,20,,,5.112484,0.0,-0.619795,0.619795,
1,2,Function,KSS function scores (short-term),3,SUBGROUP_AND_OVERALL,Boonen 2013,2013,,,81.9,15.7,,86,82.2,14.8,,82,,,14.038623,-0.019561,-0.322083,0.282961,
1,2,Function,KSS function scores (short-term),3,SUBGROUP_AND_OVERALL,Kosse 2017,2017,,,80.0,12.0,,21,85.0,13.0,,21,,,5.232224,-0.392139,-1.003379,0.2191,
1,2,Function,KSS function scores (short-term),3,SUBGROUP_AND_OVERALL,Kotela 2014,2014,,,78.8,20.3,,49,86.7,14.5,,46,,,9.718383,-0.441918,-0.849382,-0.034455,
1,2,Function,KSS function scores (short-term),3,SUBGROUP_AND_OVERALL,Maus 2018,2018,,,67.1,23.2,,59,72.5,23.5,,66,,,11.75081,-0.229762,-0.582112,0.122589,
1,2,Function,KSS function scores (short-term),3,SUBGROUP_AND_OVERALL,Pfitzner 2014,2014,,,78.0,12.0,,30,77.0,13.0,,30,,,7.078695,0.078898,-0.427373,0.585169,
1,2,Function,KSS function scores (short-term),3,SUBGROUP_AND_OVERALL,Pietsch 2014,2014,,,86.0,12.0,,40,86.0,13.0,,40,,,8.774417,0.0,-0.438261,0.438261,
1,2,Function,KSS function scores (short-term),3,SUBGROUP_AND_OVERALL,Stolarczyk 2018,2018,,,69.3,15.8,,29,68.2,16.3,,29,,,6.896526,0.067606,-0.447264,0.582475,
1,2,Function,KSS function scores (short-term),3,SUBGROUP_AND_OVERALL,Teeter 2019,2019,,,88.5,15.9,,25,87.9,19.6,,25,,,6.13624,0.033093,-0.52131,0.587495,
1,2,Function,KSS function scores (short-term),3,SUBGROUP_AND_OVERALL,Woolson 2014,2014,,,73.2,12.0,,22,82.1,13.0,,26,,,5.606945,-0.697351,-1.28349,-0.111211,
1,2,Function,KSS function scores (short-term),3,SUBGROUP_AND_OVERALL,Yan 2014,2014,,,57.3,10.7,,30,58.0,13.1,,30,,,7.080803,-0.057767,-0.56394,0.448407,
1,2,Function,KSS knee scores (intermediate term),4,SUBGROUP_AND_OVERALL,Hampton 2022,2022,,,92.5,6.8,,38,92.4,7.1,,39,,,100.0,0.014237,-0.432524,0.460998,
1,2,Function,KSS function scores (intermediate term),5,SUBGROUP_AND_OVERALL,Boonen 2013,2013,,,77.4,9.8,,83,77.3,10.5,,80,,,100.0,0.009807,-0.29728,0.316893,
1,2,Function,Oxford Knee Score (short-term),6,SUBGROUP_AND_OVERALL,Abane 2015,2015,,,37.9,7.7,,70,38.2,8.2,,70,,,23.539197,-0.037512,-0.368836,0.293813,
1,2,Function,Oxford Knee Score (short-term),6,SUBGROUP_AND_OVERALL,Attard 2019,2019,,,36.67,7.7,,9,40.87,8.2,,23,,,4.225954,-0.507345,-1.289309,0.274619,
1,2,Function,Oxford Knee Score (short-term),6,SUBGROUP_AND_OVERALL,Boonen 2013,2013,,,15.2,8.7,,82,15.1,8.5,,81,,,27.409809,0.011572,-0.295469,0.318613,
1,2,Function,Oxford Knee Score (short-term),6,SUBGROUP_AND_OVERALL,Hampton 2022,2022,,,38.5,7.7,,40,37.7,8.2,,42,,,13.763634,0.099555,-0.333739,0.532849,
1,2,Function,Oxford Knee Score (short-term),6,SUBGROUP_AND_OVERALL,Huijbregts 2016,2016,,,40.0,7.7,,66,38.0,8.2,,60,,,20.971904,0.250305,-0.100714,0.601324,
1,2,Function,Oxford Knee Score (short-term),6,SUBGROUP_AND_OVERALL,Yan 2014,2014,,,36.7,5.4,,30,36.6,4.3,,30,,,10.089501,0.020221,-0.485853,0.526296,
1,2,Function,Oxford Knee change score (short-term),7,SUBGROUP_AND_OVERALL,Cucchi 2019,2019,,,7.17,10.5,,12,12.8,8.73,,10,,,16.853878,-0.555886,-1.414449,0.302678,Change in score
1,2,Function,Oxford Knee change score (short-term),7,SUBGROUP_AND_OVERALL,Randelli 2019,2019,,,12.31,10.45,,32,10.28,8.42,,30,,,43.940863,0.210492,-0.289068,0.710052,Change in score
1,2,Function,Oxford Knee change score (short-term),7,SUBGROUP_AND_OVERALL,Turgeon 2019,2019,,,13.3,12.4,,25,12.8,8.9,,29,,,39.205259,0.046228,-0.488753,0.581209,Change in score
1,2,Function,Oxford Knee Score (intermediate-term),8,SUBGROUP_AND_OVERALL,Boonen 2013,2013,,,23.5,9.4,,83,21.6,8.4,,80,,,56.916348,0.211932,-0.096035,0.519898,
1,2,Function,Oxford Knee Score (intermediate-term),8,SUBGROUP_AND_OVERALL,Hampton 2022,2022,,,40.8,6.9,,38,42.5,7.4,,39,,,43.083652,-0.235123,-0.683502,0.213255,
1,2,Function,WOMAC (short-term),9,SUBGROUP_AND_OVERALL,Boonen 2013,2013,,,80.6,18.4,,82,86.0,13.8,,81,,,15.581887,-0.330197,-0.639371,-0.021022,
1,2,Function,WOMAC (short-term),9,SUBGROUP_AND_OVERALL,Calliess 2017,2017,,,13.0,16.0,,100,26.0,11.0,,100,,,15.817543,-0.943273,-1.235755,-0.650791,
1,2,Function,WOMAC (short-term),9,SUBGROUP_AND_OVERALL,Kotela 2014,2014,,,17.1,15.3,,52,16.3,14.7,,40,,,14.033425,0.052737,-0.359539,0.465012,
1,2,Function,WOMAC (short-term),9,SUBGROUP_AND_OVERALL,Pfitzner 2014,2014,,,24.0,18.4,,30,26.0,13.8,,30,,,12.577686,-0.121378,-0.627937,0.385181,
1,2,Function,WOMAC (short-term),9,SUBGROUP_AND_OVERALL,Tammachote 2018,2018,,,5.0,6.0,,51,4.0,6.0,,51,,,14.394787,0.165414,-0.223407,0.554234,
1,2,Function,WOMAC (short-term),9,SUBGROUP_AND_OVERALL,Teeter 2019,2019,,,81.6,16.8,,25,82.7,13.6,,25,,,11.854809,-0.07084,-0.625391,0.48371,
1,2,Function,WOMAC (short-term),9,SUBGROUP_AND_OVERALL,Zomar 2021,2021,,,92.44,18.4,,86,92.54,13.8,,87,,,15.739862,-0.006127,-0.304159,0.291906,
1,2,Function,WOMAC (intermediate-term),10,SUBGROUP_AND_OVERALL,Boonen 2013,2013,,,78.9,19.1,,83,85.2,16.4,,80,,,100.0,-0.351761,-0.661269,-0.042253,
1,2,Function,KOOS total,11,SUBGROUP_AND_OVERALL,Vundelinckx 2013,2013,,,311.1,67.88,,31,318.6,79.06,,31,,,100.0,-0.100511,-0.598678,0.397656,
1,2,Function,KOOS pain,12,SUBGROUP_AND_OVERALL,Abdel 2014,2014,,,35.0,12.0,,20,34.0,12.0,,20,,,31.777438,0.081678,-0.538404,0.701759,
1,2,Function,KOOS pain,12,SUBGROUP_AND_OVERALL,Van Leeuwen 2018,2018,,,88.0,16.0,,44,79.0,21.0,,50,,,68.222562,0.474078,0.063069,0.885087,
1,2,Function,KOOS symptoms,13,SUBGROUP_AND_OVERALL,Abdel 2014,2014,,,37.0,10.0,,20,37.0,8.0,,20,,,30.114963,0.0,-0.619795,0.619795,
1,2,Function,KOOS symptoms,13,SUBGROUP_AND_OVERALL,Van Leeuwen 2018,2018,,,82.0,16.0,,44,78.0,15.0,,50,,,69.885037,0.256361,-0.150501,0.663223,
1,2,Function,KOOS ADL,14,SUBGROUP_AND_OVERALL,Abdel 2014,2014,,,49.0,15.0,,20,48.0,13.0,,20,,,30.254843,0.069832,-0.550173,0.689836,
1,2,Function,KOOS ADL,14,SUBGROUP_AND_OVERALL,Van Leeuwen 2018,2018,,,85.0,17.0,,44,78.0,22.0,,50,,,69.745157,0.35028,-0.058073,0.758632,
1,2,Function,KOOS sports,15,SUBGROUP_AND_OVERALL,Abdel 2014,2014,,,26.0,18.0,,20,25.0,17.0,,20,,,30.061495,0.055985,-0.563945,0.675914,
1,2,Function,KOOS sports,15,SUBGROUP_AND_OVERALL,Van Leeuwen 2018,2018,,,46.0,24.0,,44,40.0,29.0,,50,,,69.938505,0.222221,-0.184213,0.628654,
1,2,Function,KOOS QOL,16,SUBGROUP_AND_OVERALL,Abdel 2014,2014,,,28.0,13.0,,20,27.0,10.0,,20,,,30.434183,0.084513,-0.535589,0.704615,
1,2,Function,KOOS QOL,16,SUBGROUP_AND_OVERALL,Van Leeuwen 2018,2018,,,76.0,21.0,,44,66.0,24.0,,50,,,69.565817,0.437943,0.02779,0.848096,
1,3,Radiographic lower limb alignment measured by outliers in FTCA,,,SUBGROUP_AND_OVERALL,Abane 2015,2015,,,,,19,59,,,22,67,,,6.238403,0.98074,0.592278,1.623983,
1,3,Radiographic lower limb alignment measured by outliers in FTCA,,,SUBGROUP_AND_OVERALL,Abdel 2014,2014,,,,,4,20,,,2,20,,,1.812871,2.0,0.411879,9.711596,
1,3,Radiographic lower limb alignment measured by outliers in FTCA,,,SUBGROUP_AND_OVERALL,Boonen 2013,2013,,,,,26,86,,,15,82,,,5.86804,1.652713,0.945117,2.890078,itt 86.82
1,3,Radiographic lower limb alignment measured by outliers in FTCA,,,SUBGROUP_AND_OVERALL,Chareancholvanich 2013,2013,,,,,1,40,,,3,40,,,1.024448,0.333333,0.036191,3.070128,
1,3,Radiographic lower limb alignment measured by outliers in FTCA,,,SUBGROUP_AND_OVERALL,Chotanaphuti 2014,2014,,,,,2,40,,,5,40,,,1.812871,0.4,0.082376,1.942319,
1,3,Radiographic lower limb alignment measured by outliers in FTCA,,,SUBGROUP_AND_OVERALL,Gan 2015,2015,,,,,1,35,,,8,35,,,1.202355,0.125,0.016493,0.947366,
1,3,Radiographic lower limb alignment measured by outliers in FTCA,,,SUBGROUP_AND_OVERALL,Hamilton 2013,2013,,,,,8,26,,,9,26,,,4.491967,0.888889,0.40666,1.942956,
1,3,Radiographic lower limb alignment measured by outliers in FTCA,,,SUBGROUP_AND_OVERALL,Hampton 2022,2022,,,,,11,43,,,14,45,,,5.148089,0.822259,0.420753,1.606903,
1,3,Radiographic lower limb alignment measured by outliers in FTCA,,,SUBGROUP_AND_OVERALL,Huijbregts 2016,2016,,,,,9,69,,,14,64,,,4.585383,0.596273,0.277412,1.281637,"itt 69, 64"
1,3,Radiographic lower limb alignment measured by outliers in FTCA,,,SUBGROUP_AND_OVERALL,Kotela 2014,2014,,,,,24,49,,,14,46,,,6.117248,1.609329,0.954813,2.712511,"itt 49, 46"
1,3,Radiographic lower limb alignment measured by outliers in FTCA,,,SUBGROUP_AND_OVERALL,Liao 2024,2024,,,,,6,54,,,14,53,,,3.992797,0.420635,0.174808,1.012158,
1,3,Radiographic lower limb alignment measured by outliers in FTCA,,,SUBGROUP_AND_OVERALL,Maus 2018,2018,,,,,15,59,,,8,66,,,4.486861,2.097458,0.958682,4.588933,
1,3,Radiographic lower limb alignment measured by outliers in FTCA,,,SUBGROUP_AND_OVERALL,Molicnik 2015,2015,,,,,0,19,,,4,19,,,0.650008,0.111111,0.006394,1.930968,
1,3,Radiographic lower limb alignment measured by outliers in FTCA,,,SUBGROUP_AND_OVERALL,Noble 2012,2012,,,,,0,15,,,0,14,,,,,,,
1,3,Radiographic lower limb alignment measured by outliers in FTCA,,,SUBGROUP_AND_OVERALL,Parratte 2013,2013,,,,,4,20,,,2,20,,,1.812871,2.0,0.411879,9.711596,
1,3,Radiographic lower limb alignment measured by outliers in FTCA,,,SUBGROUP_AND_OVERALL,Pfitzner 2014,2014,,,,,11,60,,,13,30,,,5.13087,0.423077,0.215889,0.829103,CT and MRI PSG taken together
1,3,Radiographic lower limb alignment measured by outliers in FTCA,,,SUBGROUP_AND_OVERALL,Qiu 2017,2017,,,,,0,10,,,7,16,,,0.69179,0.10303,0.006518,1.628547,
1,3,Radiographic lower limb alignment measured by outliers in FTCA,,,SUBGROUP_AND_OVERALL,Roh 2013,2013,,,,,5,42,,,5,48,,,2.823966,1.142857,0.355284,3.676282,"itt 42, 48"
1,3,Radiographic lower limb alignment measured by outliers in FTCA,,,SUBGROUP_AND_OVERALL,Sariali 2019,2019,,,,,4,40,,,8,40,,,2.996134,0.5,0.163573,1.528374,
1,3,Radiographic lower limb alignment measured by outliers in FTCA,,,SUBGROUP_AND_OVERALL,Sun 2020,2020,,,,,0,40,,,0,40,,,,,,,
1,3,Radiographic lower limb alignment measured by outliers in FTCA,,,SUBGROUP_AND_OVERALL,Tammachote 2018,2018,,,,,12,51,,,8,51,,,4.361566,1.5,0.669952,3.358448,
1,3,Radiographic lower limb alignment measured by outliers in FTCA,,,SUBGROUP_AND_OVERALL,Teeter 2019,2019,,,,,3,25,,,7,25,,,2.621352,0.428571,0.124809,1.471637,
1,3,Radiographic lower limb alignment measured by outliers in FTCA,,,SUBGROUP_AND_OVERALL,Turgeon 2019,2019,,,,,6,25,,,10,29,,,4.086023,0.696,0.294749,1.643485,
1,3,Radiographic lower limb alignment measured by outliers in FTCA,,,SUBGROUP_AND_OVERALL,Van Leeuwen 2018,2018,,,,,11,42,,,11,49,,,4.80424,1.166667,0.563894,2.413771,
1,3,Radiographic lower limb alignment measured by outliers in FTCA,,,SUBGROUP_AND_OVERALL,Victor 2014,2014,,,,,15,61,,,18,64,,,5.669596,0.874317,0.48531,1.575137,"itt 61, 64"
1,3,Radiographic lower limb alignment measured by outliers in FTCA,,,SUBGROUP_AND_OVERALL,Vide 2017,2017,,,,,6,47,,,17,48,,,4.186979,0.360451,0.155717,0.834363,
1,3,Radiographic lower limb alignment measured by outliers in FTCA,,,SUBGROUP_AND_OVERALL,Woolson 2014,2014,,,,,9,22,,,10,26,,,4.970805,1.063636,0.52871,2.13978,
1,3,Radiographic lower limb alignment measured by outliers in FTCA,,,SUBGROUP_AND_OVERALL,Yan 2014,2014,,,,,8,30,,,13,30,,,4.840781,0.615385,0.299294,1.265304,81 patients 90 knees
1,3,Radiographic lower limb alignment measured by outliers in FTCA,,,SUBGROUP_AND_OVERALL,Zahn 2020,2020,,,,,14,75,,,5,75,,,3.571686,2.8,1.061792,7.383742,
1,4,Pain,VAS early,1,SUBGROUP_AND_OVERALL,Abdel 2014,2014,,,35.0,12.0,,20,34.0,12.0,,20,,,5.633853,0.081678,-0.538404,0.701759,
1,4,Pain,VAS early,1,SUBGROUP_AND_OVERALL,Boonen 2013,2013,,,20.4,24.8,,86,17.4,21.8,,82,,,23.621359,0.127711,-0.175119,0.430541,skewed data from VAS
1,4,Pain,VAS early,1,SUBGROUP_AND_OVERALL,Cucchi 2019,2019,,,35.8,27.4,,12,37.1,20.0,,10,,,3.074629,-0.051361,-0.890734,0.788013,
1,4,Pain,VAS early,1,SUBGROUP_AND_OVERALL,Kosse 2017,2017,,,5.0,24.8,,21,11.0,21.8,,21,,,5.869549,-0.25213,-0.859634,0.355374,
1,4,Pain,VAS early,1,SUBGROUP_AND_OVERALL,Kotela 2014,2014,,,17.0,16.7,,49,19.3,17.2,,46,,,13.347897,-0.134645,-0.537497,0.268206,skewed data
1,4,Pain,VAS early,1,SUBGROUP_AND_OVERALL,Pietsch 2014,2014,,,0.8,0.8,,40,0.9,0.7,,40,,,11.252448,-0.131755,-0.570516,0.307006,
1,4,Pain,VAS early,1,SUBGROUP_AND_OVERALL,Stolarczyk 2018,2018,,,2.2,1.7,,29,2.0,1.5,,29,,,8.160066,0.123078,-0.392156,0.638313,
1,4,Pain,VAS early,1,SUBGROUP_AND_OVERALL,Turgeon 2019,2019,,,40.8,40.1,,25,46.3,24.2,,29,,,7.542865,-0.166679,-0.702579,0.36922,
1,4,Pain,VAS early,1,SUBGROUP_AND_OVERALL,Van Leeuwen 2018,2018,,,1.2,1.9,,44,2.3,2.3,,50,,,12.759728,-0.514033,-0.926065,-0.102001,
1,4,Pain,VAS early,1,SUBGROUP_AND_OVERALL,Vundelinckx 2013,2013,,,1.4,1.99,,31,1.5,1.94,,31,,,8.737606,-0.050248,-0.548163,0.447668,VAS is skewed hence KOOS pain score selected
1,5,Total adverse events,,,SUBGROUP_AND_OVERALL,Abdel 2014,2014,,,,,3,20,,,0,20,,,1.509339,7.0,0.384856,127.32047,
1,5,Total adverse events,,,SUBGROUP_AND_OVERALL,Boonen 2013,2013,,,,,14,86,,,11,82,,,21.078804,1.213531,0.585133,2.516791,
1,5,Total adverse events,,,SUBGROUP_AND_OVERALL,Hampton 2022,2022,,,,,4,43,,,3,45,,,5.982712,1.395349,0.331454,5.874112,
1,5,Total adverse events,,,SUBGROUP_AND_OVERALL,Huijbregts 2016,2016,,,,,12,69,,,18,64,,,25.957141,0.618357,0.323973,1.180239,
1,5,Total adverse events,,,SUBGROUP_AND_OVERALL,Kosse 2017,2017,,,,,4,21,,,4,21,,,7.858429,1.0,0.287381,3.479702,
1,5,Total adverse events,,,SUBGROUP_AND_OVERALL,Kotela 2014,2014,,,,,2,49,,,4,46,,,4.584904,0.469388,0.090236,2.441639,
1,5,Total adverse events,,,SUBGROUP_AND_OVERALL,Liao 2024,2024,,,,,0,54,,,1,53,,,1.258995,0.327273,0.01363,7.858106,
1,5,Total adverse events,,,SUBGROUP_AND_OVERALL,Pietsch 2014,2014,,,,,0,40,,,0,40,,,,,,,
1,5,Total adverse events,,,SUBGROUP_AND_OVERALL,Qiu 2017,2017,,,,,0,10,,,0,16,,,,,,,
1,5,Total adverse events,,,SUBGROUP_AND_OVERALL,Turgeon 2019,2019,,,,,6,25,,,3,29,,,7.49212,2.32,0.646004,8.331843,
1,5,Total adverse events,,,SUBGROUP_AND_OVERALL,Vundelinckx 2013,2013,,,,,5,31,,,3,31,,,6.828117,1.666667,0.435541,6.377763,
1,5,Total adverse events,,,SUBGROUP_AND_OVERALL,Woolson 2014,2014,,,,,0,15,,,2,26,,,1.437791,0.3375,0.017268,6.596518,
1,5,Total adverse events,,,SUBGROUP_AND_OVERALL,Yan 2014,2014,,,,,4,30,,,0,30,,,1.532054,9.0,0.50571,160.170939,
1,5,Total adverse events,,,SUBGROUP_AND_OVERALL,Zomar 2021,2021,,,,,7,86,,,11,87,,,14.479595,0.643763,0.261854,1.582681,
1,6,Re-operation rate,,,SUBGROUP_AND_OVERALL,Boonen 2013,2013,,,,,6,86,,,4,82,,,28.677086,1.430233,0.418694,4.885582,
1,6,Re-operation rate,,,SUBGROUP_AND_OVERALL,Hampton 2022,2022,,,,,0,43,,,1,45,,,4.296244,0.348485,0.014582,8.328224,
1,6,Re-operation rate,,,SUBGROUP_AND_OVERALL,Huijbregts 2016,2016,,,,,2,69,,,7,64,,,18.385648,0.26501,0.057143,1.229033,
1,6,Re-operation rate,,,SUBGROUP_AND_OVERALL,Kosse 2017,2017,,,,,2,21,,,1,21,,,8.019587,2.0,0.195958,20.412521,
1,6,Re-operation rate,,,SUBGROUP_AND_OVERALL,Kotela 2014,2014,,,,,2,49,,,2,46,,,11.761319,0.938776,0.137877,6.391934,
1,6,Re-operation rate,,,SUBGROUP_AND_OVERALL,Pietsch 2014,2014,,,,,0,40,,,0,40,,,,,,,
1,6,Re-operation rate,,,SUBGROUP_AND_OVERALL,Sariali 2019,2019,,,,,0,40,,,2,40,,,4.791391,0.2,0.009904,4.038646,
1,6,Re-operation rate,,,SUBGROUP_AND_OVERALL,Turgeon 2019,2019,,,,,3,25,,,2,29,,,14.845625,1.74,0.315537,9.595071,
1,6,Re-operation rate,,,SUBGROUP_AND_OVERALL,Vundelinckx 2013,2013,,,,,1,31,,,0,31,,,4.325995,3.0,0.126911,70.915609,
1,6,Re-operation rate,,,SUBGROUP_AND_OVERALL,Woolson 2014,2014,,,,,0,15,,,2,26,,,4.897106,0.3375,0.017268,6.596518,
1,7,Quality of life,SF12 - M,1,SUBGROUP_AND_OVERALL,Abdel 2014,2014,,,57.0,8.0,,20,58.0,10.0,,20,,,22.732866,-1.0,-6.612483,4.612483,
1,7,Quality of life,SF12 - M,1,SUBGROUP_AND_OVERALL,Huijbregts 2016,2016,,,58.0,9.3,,64,59.0,15.4,,58,,,34.264111,-1.0,-5.571538,3.571538,
1,7,Quality of life,SF12 - M,1,SUBGROUP_AND_OVERALL,Teeter 2019,2019,,,57.1,5.4,,25,55.4,8.9,,25,,,43.003023,1.7,-2.380681,5.780681,
1,8,Operative time,,,SUBGROUP_AND_OVERALL,Abane 2015,2015,,,79.4,4.0,,70,85.7,5.0,,70,,,4.660323,-6.3,-7.799999,-4.800001,
1,8,Operative time,,,SUBGROUP_AND_OVERALL,Boonen 2013,2013,,,44.7,6.5,,86,50.0,10.6,,82,,,4.534558,-5.3,-7.974129,-2.625871,
1,8,Operative time,,,SUBGROUP_AND_OVERALL,Chareancholvanich 2013,2013,,,62.9,4.0,,40,68.0,5.0,,40,,,4.616239,-5.1,-7.084312,-3.115688,
1,8,Operative time,,,SUBGROUP_AND_OVERALL,Chotanaphuti 2014,2014,,,57.5,2.3,,40,62.1,1.5,,40,,,4.700915,-4.6,-5.450949,-3.749051,
1,8,Operative time,,,SUBGROUP_AND_OVERALL,Cucchi 2019,2019,,,81.42,16.64,,12,84.6,20.82,,10,,,1.916882,-3.18,-19.153571,12.793571,
1,8,Operative time,,,SUBGROUP_AND_OVERALL,Ferrara 2015,2015,,,51.9,12.3,,15,74.2,7.9,,15,,,3.593224,-22.3,-29.697836,-14.902164,
1,8,Operative time,,,SUBGROUP_AND_OVERALL,Gan 2015,2015,,,45.0,8.0,,35,60.0,10.0,,35,,,4.278941,-15.0,-19.242638,-10.757362,
1,8,Operative time,,,SUBGROUP_AND_OVERALL,Hamilton 2013,2013,,,61.47,5.48,,26,57.27,4.58,,26,,,4.52496,4.2,1.454791,6.945209,
1,8,Operative time,,,SUBGROUP_AND_OVERALL,Hampton 2022,2022,,,74.0,4.0,,43,76.0,5.0,,45,,,4.625937,-2.0,-3.88773,-0.11227,
1,8,Operative time,,,SUBGROUP_AND_OVERALL,Kosse 2017,2017,,,66.0,15.0,,21,68.0,10.0,,21,,,3.520669,-2.0,-9.710457,5.710457,
1,8,Operative time,,,SUBGROUP_AND_OVERALL,Kotela 2014,2014,,,34.0,9.0,,52,28.5,5.2,,60,,,4.520517,5.5,2.722406,8.277594,
1,8,Operative time,,,SUBGROUP_AND_OVERALL,Liao 2024,2024,,,81.9,13.333,,54,76.0,9.259,,53,,,4.25991,5.9,1.557211,10.242789,
1,8,Operative time,,,SUBGROUP_AND_OVERALL,Maus 2018,2018,,,80.8,24.7,,59,86.5,22.7,,66,,,3.372684,-5.7,-14.049523,2.649523,
1,8,Operative time,,,SUBGROUP_AND_OVERALL,Noble 2012,2012,,,121.4,4.0,,19,128.1,5.0,,15,,,4.473314,-6.7,-9.804407,-3.595593,
1,8,Operative time,,,SUBGROUP_AND_OVERALL,Pietsch 2014,2014,,,78.0,11.0,,40,90.0,19.0,,40,,,3.73058,-12.0,-18.803645,-5.196355,
1,8,Operative time,,,SUBGROUP_AND_OVERALL,Randelli 2019,2019,,,70.41,22.84,,32,70.26,22.72,,30,,,2.716263,0.15,-11.195578,11.495578,
1,8,Operative time,,,SUBGROUP_AND_OVERALL,Sariali 2019,2019,,,85.4,11.7,,40,91.0,10.3,,40,,,4.163528,-5.6,-10.430625,-0.769375,
1,8,Operative time,,,SUBGROUP_AND_OVERALL,Sun 2020,2020,,,87.3,3.5,,40,73.6,4.4,,40,,,4.639693,13.7,11.95767,15.44233,
1,8,Operative time,,,SUBGROUP_AND_OVERALL,Tammachote 2018,2018,,,93.0,12.0,,51,104.0,12.0,,51,,,4.198381,-11.0,-15.657568,-6.342432,
1,8,Operative time,,,SUBGROUP_AND_OVERALL,Teeter 2019,2019,,,80.0,11.4,,25,73.9,8.4,,25,,,4.011878,6.1,0.549183,11.650817,
1,8,Operative time,,,SUBGROUP_AND_OVERALL,Turgeon 2019,2019,,,64.2,16.5,,25,57.0,14.0,,29,,,3.399387,7.2,-1.03386,15.43386,
1,8,Operative time,,,SUBGROUP_AND_OVERALL,Van Leeuwen 2018,2018,,,101.0,22.0,,44,106.0,28.0,,50,,,2.973542,-5.0,-15.12374,5.12374,
1,8,Operative time,,,SUBGROUP_AND_OVERALL,Woolson 2014,2014,,,88.1,4.0,,22,92.1,5.0,,26,,,4.551184,-4.0,-6.547057,-1.452943,
1,8,Operative time,,,SUBGROUP_AND_OVERALL,Yan 2014,2014,,,73.7,16.0,,30,71.9,11.7,,30,,,3.663868,1.8,-5.292886,8.892886,
1,8,Operative time,,,SUBGROUP_AND_OVERALL,Zomar 2021,2021,,,59.5,13.7,,86,60.9,12.0,,87,,,4.352623,-1.4,-5.239536,2.439536,
1,9,Blood loss,,,SUBGROUP_AND_OVERALL,Abane 2015,2015,,,1285.0,133.0,,70,1358.0,121.0,,70,,,9.407004,-73.0,-115.121315,-30.878685,
1,9,Blood loss,,,SUBGROUP_AND_OVERALL,Attard 2019,2019,,,811.96,133.0,,9,898.87,121.0,,23,,,4.534162,-86.91,-186.887562,13.067562,
1,9,Blood loss,,,SUBGROUP_AND_OVERALL,Boonen 2013,2013,,,193.2,133.0,,86,297.9,121.0,,82,,,9.788549,-104.7,-143.119035,-66.280965,
1,9,Blood loss,,,SUBGROUP_AND_OVERALL,Chareancholvanich 2013,2013,,,614.8,133.0,,40,581.8,121.0,,40,,,8.013162,33.0,-22.721262,88.721262,
1,9,Blood loss,,,SUBGROUP_AND_OVERALL,Gan 2015,2015,,,200.0,45.0,,35,290.0,60.0,,35,,,11.082988,-90.0,-114.847079,-65.152921,
1,9,Blood loss,,,SUBGROUP_AND_OVERALL,Giannotti 2019,2019,,,657.0,133.0,,20,866.0,121.0,,20,,,5.954503,-209.0,-287.801765,-130.198235,
1,9,Blood loss,,,SUBGROUP_AND_OVERALL,Hampton 2022,2022,,,252.0,133.0,,43,264.0,121.0,,45,,,8.266053,-12.0,-65.198768,41.198768,
1,9,Blood loss,,,SUBGROUP_AND_OVERALL,Kotela 2014,2014,,,850.0,450.5,,49,1000.0,502.1,,46,,,1.679814,-150.0,-342.260104,42.260104,
1,9,Blood loss,,,SUBGROUP_AND_OVERALL,Liao 2024,2024,,,561.9,334.15,,54,645.7,9.259,,53,,,5.205283,-83.8,-172.958444,5.358444,
1,9,Blood loss,,,SUBGROUP_AND_OVERALL,Maus 2018,2018,,,293.6,142.9,,59,331.6,179.3,,66,,,7.928522,-38.0,-94.574997,18.574997,
1,9,Blood loss,,,SUBGROUP_AND_OVERALL,Noble 2012,2012,,,71.0,133.0,,19,62.5,121.0,,15,,,5.451048,8.5,-77.091577,94.091577,
1,9,Blood loss,,,SUBGROUP_AND_OVERALL,Pietsch 2014,2014,,,391.0,186.0,,40,603.0,239.0,,40,,,4.900794,-212.0,-305.851888,-118.148112,
1,9,Blood loss,,,SUBGROUP_AND_OVERALL,Sun 2020,2020,,,258.7,11.8,,40,305.6,10.8,,40,,,12.196503,-46.9,-51.857198,-41.942802,
1,9,Blood loss,,,SUBGROUP_AND_OVERALL,Teeter 2019,2019,,,133.0,196.2,,25,117.0,83.8,,25,,,5.591613,16.0,-67.63043,99.63043,
1,10,Haematocrit,,,SUBGROUP_AND_OVERALL,Ferrara 2015,2015,,,6.8,1.2,,15,10.8,2.2,,15,,,20.918683,-2.196322,-3.127842,-1.264801,
1,10,Haematocrit,,,SUBGROUP_AND_OVERALL,Molicnik 2015,2015,,,28.0,2.0,,19,31.0,3.0,,19,,,24.467113,-1.152011,-1.844257,-0.459765,
1,10,Haematocrit,,,SUBGROUP_AND_OVERALL,Vide 2017,2017,,,2.3,1.1,,47,2.6,1.2,,48,,,28.383429,-0.258395,-0.662341,0.14555,
1,10,Haematocrit,,,SUBGROUP_AND_OVERALL,Woolson 2014,2014,,,31.9,1.1,,22,32.2,1.2,,26,,,26.230775,-0.255389,-0.825655,0.314877,
1,11,Transfusion requirement,,,SUBGROUP_AND_OVERALL,Chareancholvanich 2013,2013,,,,,8,40,,,10,40,,,17.771232,0.8,0.352376,1.81624,
1,11,Transfusion requirement,,,SUBGROUP_AND_OVERALL,Ferrara 2015,2015,,,,,2,15,,,4,15,,,5.043187,0.5,0.107285,2.330251,
1,11,Transfusion requirement,,,SUBGROUP_AND_OVERALL,Pietsch 2014,2014,,,,,3,40,,,4,40,,,5.831185,0.75,0.179239,3.138275,
1,11,Transfusion requirement,,,SUBGROUP_AND_OVERALL,Tammachote 2018,2018,,,,,19,51,,,26,51,,,59.948334,0.730769,0.467633,1.141971,
1,11,Transfusion requirement,,,SUBGROUP_AND_OVERALL,Vide 2017,2017,,,,,1,47,,,4,48,,,2.574709,0.255319,0.02962,2.20084,
1,11,Transfusion requirement,,,SUBGROUP_AND_OVERALL,Vundelinckx 2013,2013,,,,,4,31,,,6,31,,,8.831353,0.666667,0.208347,2.133198,
1,11,Transfusion requirement,,,SUBGROUP_AND_OVERALL,Woolson 2014,2014,,,,,0,22,,,0,31,,,,,,,
1,12,Range of motion flexion,New Subgroup,1,SUBGROUP_AND_OVERALL,Lionberger 2014,2014,,,118.2,12.4,,30,119.7,12.0,,30,,,6.999451,-1.5,-7.674768,4.674768,
1,12,Range of motion flexion,New Subgroup,1,SUBGROUP_AND_OVERALL,Pietsch 2014,2014,,,117.0,15.0,,40,119.0,17.0,,40,,,5.428707,-2.0,-9.025863,5.025863,
1,12,Range of motion flexion,New Subgroup,1,SUBGROUP_AND_OVERALL,Sun 2020,2020,,,124.2,14.3,,40,123.4,12.0,,40,,,7.954027,0.8,-4.985132,6.585132,
1,12,Range of motion flexion,New Subgroup,1,SUBGROUP_AND_OVERALL,Tammachote 2018,2018,,,135.0,7.0,,51,135.0,6.0,,51,,,38.256501,0.0,-2.530303,2.530303,
1,12,Range of motion flexion,New Subgroup,1,SUBGROUP_AND_OVERALL,Van Leeuwen 2018,2018,,,119.0,12.0,,44,115.0,11.0,,50,,,12.041784,4.0,-0.676364,8.676364,
1,12,Range of motion flexion,New Subgroup,1,SUBGROUP_AND_OVERALL,Vundelinckx 2013,2013,,,119.6,15.66,,31,125.7,12.55,,31,,,5.370378,-6.1,-13.164454,0.964454,
1,12,Range of motion flexion,New Subgroup,1,SUBGROUP_AND_OVERALL,Woolson 2014,2014,,,102.1,7.0,,22,104.1,6.0,,26,,,18.645118,-2.0,-5.724905,1.724905,
1,12,Range of motion flexion,New Subgroup,1,SUBGROUP_AND_OVERALL,Yan 2014,2014,,,105.6,16.2,,30,106.5,11.5,,30,,,5.304036,-0.9,-8.009115,6.209115,
1,13,Range of motion extension,,,SUBGROUP_AND_OVERALL,Tammachote 2018,2018,,,0.2,2.0,,51,0.1,1.0,,51,,,78.329229,0.1,-0.513689,0.713689,
1,13,Range of motion extension,,,SUBGROUP_AND_OVERALL,Van Leeuwen 2018,2018,,,0.0,2.0,,44,-1.0,4.0,,50,,,18.68865,1.0,-0.25638,2.25638,
1,13,Range of motion extension,,,SUBGROUP_AND_OVERALL,Vundelinckx 2013,2013,,,2.1,5.45,,31,2.3,7.08,,31,,,2.982121,-0.2,-3.345193,2.945193,
1,14,Length of stay,Length of stay,2,SUBGROUP_AND_OVERALL,Abane 2015,2015,,,8.1,1.3,,70,8.3,1.7,,70,,,12.719837,-0.2,-0.701339,0.301339,
1,14,Length of stay,Length of stay,2,SUBGROUP_AND_OVERALL,Attard 2019,2019,,,4.13,1.3,,9,5.0,1.7,,23,,,3.847351,-0.87,-1.967282,0.227282,
1,14,Length of stay,Length of stay,2,SUBGROUP_AND_OVERALL,Chareancholvanich 2013,2013,,,5.0,1.3,,40,5.2,1.7,,40,,,8.734305,-0.2,-0.86321,0.46321,
1,14,Length of stay,Length of stay,2,SUBGROUP_AND_OVERALL,Ferrara 2015,2015,,,3.0,0.7,,15,3.8,0.8,,15,,,11.647105,-0.8,-1.33795,-0.26205,
1,14,Length of stay,Length of stay,2,SUBGROUP_AND_OVERALL,Kotela 2014,2014,,,9.0,3.8,,49,9.0,1.5,,46,,,3.546351,0.0,-1.148892,1.148892,
1,14,Length of stay,Length of stay,2,SUBGROUP_AND_OVERALL,Maus 2018,2018,,,9.7,1.9,,59,9.6,1.8,,66,,,8.976329,0.1,-0.550865,0.750865,
1,14,Length of stay,Length of stay,2,SUBGROUP_AND_OVERALL,Noble 2012,2012,,,2.47,1.3,,19,2.79,1.7,,15,,,4.225471,-0.32,-1.3601,0.7201,
1,14,Length of stay,Length of stay,2,SUBGROUP_AND_OVERALL,Turgeon 2019,2019,,,4.0,1.5,,25,4.2,2.6,,29,,,3.745446,-0.2,-1.314086,0.914086,
1,14,Length of stay,Length of stay,2,SUBGROUP_AND_OVERALL,Van Leeuwen 2018,2018,,,8.0,4.0,,44,8.0,3.0,,50,,,2.335293,0.0,-1.445115,1.445115,
1,14,Length of stay,Length of stay,2,SUBGROUP_AND_OVERALL,Vide 2017,2017,,,5.0,1.2,,47,5.7,1.3,,48,,,12.670581,-0.7,-1.202938,-0.197062,
1,14,Length of stay,Length of stay,2,SUBGROUP_AND_OVERALL,Vundelinckx 2013,2013,,,6.68,1.3,,31,6.06,1.7,,31,,,7.204993,0.62,-0.133356,1.373356,
1,14,Length of stay,Length of stay,2,SUBGROUP_AND_OVERALL,Woolson 2014,2014,,,3.1,1.3,,22,3.0,1.7,,26,,,5.945201,0.1,-0.749757,0.949757,
1,14,Length of stay,Length of stay,2,SUBGROUP_AND_OVERALL,Zomar 2021,2021,,,2.5,1.3,,86,2.6,1.7,,87,,,14.401736,-0.1,-0.550662,0.350662,
1,15,Incision length,,,SUBGROUP_AND_OVERALL,Noble 2012,2012,,,136.0,0.0,,19,151.8,0.0,,15,,,,,,,
1,15,Incision length,,,SUBGROUP_AND_OVERALL,Vundelinckx 2013,2013,,,136.0,0.0,,31,128.0,0.0,,31,,,,,,,
1,16,Radiographic outliers in femur coronal alignment,,,SUBGROUP_AND_OVERALL,Abane 2015,2015,,,,,19,59,,,12,67,,,12.35352,1.798023,0.95537,3.383909,
1,16,Radiographic outliers in femur coronal alignment,,,SUBGROUP_AND_OVERALL,Boonen 2013,2013,,,,,11,86,,,11,82,,,10.445069,0.953488,0.437497,2.078051,
1,16,Radiographic outliers in femur coronal alignment,,,SUBGROUP_AND_OVERALL,Chareancholvanich 2013,2013,,,,,0,40,,,7,40,,,1.601673,0.066667,0.003935,1.129463,
1,16,Radiographic outliers in femur coronal alignment,,,SUBGROUP_AND_OVERALL,Ferrara 2015,2015,,,,,0,15,,,1,15,,,1.333743,0.333333,0.01465,7.584305,
1,16,Radiographic outliers in femur coronal alignment,,,SUBGROUP_AND_OVERALL,Hamilton 2013,2013,,,,,4,26,,,5,26,,,6.461911,0.8,0.241644,2.648525,
1,16,Radiographic outliers in femur coronal alignment,,,SUBGROUP_AND_OVERALL,Huijbregts 2016,2016,,,,,4,69,,,6,64,,,6.311162,0.618357,0.182819,2.091499,
1,16,Radiographic outliers in femur coronal alignment,,,SUBGROUP_AND_OVERALL,Kotela 2014,2014,,,,,8,49,,,12,46,,,10.205502,0.62585,0.281495,1.39146,
1,16,Radiographic outliers in femur coronal alignment,,,SUBGROUP_AND_OVERALL,Liao 2024,2024,,,,,6,54,,,7,53,,,7.870468,0.84127,0.302615,2.338729,
1,16,Radiographic outliers in femur coronal alignment,,,SUBGROUP_AND_OVERALL,Pfitzner 2014,2014,,,,,5,60,,,7,30,,,7.533392,0.357143,0.123653,1.031527,
1,16,Radiographic outliers in femur coronal alignment,,,SUBGROUP_AND_OVERALL,Qiu 2017,2017,,,,,0,10,,,7,16,,,1.676031,0.10303,0.006518,1.628547,
1,16,Radiographic outliers in femur coronal alignment,,,SUBGROUP_AND_OVERALL,Roh 2013,2013,,,,,2,42,,,1,48,,,2.213817,2.285714,0.214856,24.316218,
1,16,Radiographic outliers in femur coronal alignment,,,SUBGROUP_AND_OVERALL,Sariali 2019,2019,,,,,1,40,,,7,40,,,2.838925,0.142857,0.01841,1.108527,
1,16,Radiographic outliers in femur coronal alignment,,,SUBGROUP_AND_OVERALL,Tammachote 2018,2018,,,,,0,51,,,3,51,,,1.494794,0.142857,0.007566,2.697271,
1,16,Radiographic outliers in femur coronal alignment,,,SUBGROUP_AND_OVERALL,Van Leeuwen 2018,2018,,,,,7,43,,,4,47,,,6.758515,1.912791,0.601584,6.081888,
1,16,Radiographic outliers in femur coronal alignment,,,SUBGROUP_AND_OVERALL,Victor 2014,2014,,,,,4,61,,,9,64,,,7.008464,0.466302,0.151482,1.4354,
1,16,Radiographic outliers in femur coronal alignment,,,SUBGROUP_AND_OVERALL,Woolson 2014,2014,,,,,5,15,,,6,26,,,8.05483,1.444444,0.530138,3.935613,
1,16,Radiographic outliers in femur coronal alignment,,,SUBGROUP_AND_OVERALL,Yan 2014,2014,,,,,4,30,,,4,30,,,5.838185,1.0,0.275214,3.633536,90 knees 81 patients
1,17,Radiographic outliers in tibia coronal alignment,,,SUBGROUP_AND_OVERALL,Abane 2015,2015,,,,,7,59,,,7,67,,,10.920885,1.135593,0.423025,3.048453,
1,17,Radiographic outliers in tibia coronal alignment,,,SUBGROUP_AND_OVERALL,Boonen 2013,2013,,,,,8,86,,,2,82,,,6.190092,3.813953,0.834432,17.432499,
1,17,Radiographic outliers in tibia coronal alignment,,,SUBGROUP_AND_OVERALL,Chareancholvanich 2013,2013,,,,,0,40,,,1,40,,,1.760963,0.333333,0.013984,7.945347,
1,17,Radiographic outliers in tibia coronal alignment,,,SUBGROUP_AND_OVERALL,Ferrara 2015,2015,,,,,0,15,,,1,15,,,1.809907,0.333333,0.01465,7.584305,
1,17,Radiographic outliers in tibia coronal alignment,,,SUBGROUP_AND_OVERALL,Hamilton 2013,2013,,,,,4,26,,,1,26,,,3.613059,4.0,0.478779,33.418358,
1,17,Radiographic outliers in tibia coronal alignment,,,SUBGROUP_AND_OVERALL,Huijbregts 2016,2016,,,,,2,69,,,4,64,,,5.391853,0.463768,0.087921,2.446303,
1,17,Radiographic outliers in tibia coronal alignment,,,SUBGROUP_AND_OVERALL,Kotela 2014,2014,,,,,19,49,,,9,46,,,15.402784,1.981859,1.000586,3.925467,
1,17,Radiographic outliers in tibia coronal alignment,,,SUBGROUP_AND_OVERALL,Liao 2024,2024,,,,,11,54,,,9,53,,,13.587951,1.199588,0.541572,2.657101,
1,17,Radiographic outliers in tibia coronal alignment,,,SUBGROUP_AND_OVERALL,Pfitzner 2014,2014,,,,,6,60,,,6,30,,,10.255361,0.5,0.17615,1.419243,
1,17,Radiographic outliers in tibia coronal alignment,,,SUBGROUP_AND_OVERALL,Qiu 2017,2017,,,,,0,10,,,1,16,,,1.826379,0.515152,0.022989,11.54392,
1,17,Radiographic outliers in tibia coronal alignment,,,SUBGROUP_AND_OVERALL,Roh 2013,2013,,,,,0,42,,,2,48,,,1.94109,0.227907,0.011249,4.617243,
1,17,Radiographic outliers in tibia coronal alignment,,,SUBGROUP_AND_OVERALL,Sariali 2019,2019,,,,,0,40,,,2,40,,,1.944982,0.2,0.009904,4.038646,
1,17,Radiographic outliers in tibia coronal alignment,,,SUBGROUP_AND_OVERALL,Tammachote 2018,2018,,,,,0,51,,,0,51,,,,,,,
1,17,Radiographic outliers in tibia coronal alignment,,,SUBGROUP_AND_OVERALL,Van Leeuwen 2018,2018,,,,,8,43,,,3,47,,,8.077784,2.914729,0.826119,10.2838,
1,17,Radiographic outliers in tibia coronal alignment,,,SUBGROUP_AND_OVERALL,Victor 2014,2014,,,,,9,61,,,2,64,,,6.365413,4.721311,1.062464,20.980275,
1,17,Radiographic outliers in tibia coronal alignment,,,SUBGROUP_AND_OVERALL,Woolson 2014,2014,,,,,3,15,,,1,26,,,3.473658,5.2,0.592467,45.639669,
1,17,Radiographic outliers in tibia coronal alignment,,,SUBGROUP_AND_OVERALL,Yan 2014,2014,,,,,3,30,,,5,30,,,7.437841,0.6,0.157279,2.28893,
1,18,Radiographic outliers in femur sagittal alignment,,,SUBGROUP_AND_OVERALL,Abane 2015,2015,,,,,22,59,,,21,67,,,11.363476,1.189669,0.732575,1.931969,
1,18,Radiographic outliers in femur sagittal alignment,,,SUBGROUP_AND_OVERALL,Boonen 2013,2013,,,,,42,86,,,54,82,,,19.996161,0.741602,0.568041,0.968194,
1,18,Radiographic outliers in femur sagittal alignment,,,SUBGROUP_AND_OVERALL,Ferrara 2015,2015,,,,,1,15,,,0,15,,,0.43568,3.0,0.131851,68.258743,
1,18,Radiographic outliers in femur sagittal alignment,,,SUBGROUP_AND_OVERALL,Hamilton 2013,2013,,,,,11,26,,,8,26,,,6.360491,1.375,0.662167,2.855208,
1,18,Radiographic outliers in femur sagittal alignment,,,SUBGROUP_AND_OVERALL,Huijbregts 2016,2016,,,,,10,69,,,3,64,,,2.548762,3.091787,0.890642,10.732881,
1,18,Radiographic outliers in femur sagittal alignment,,,SUBGROUP_AND_OVERALL,Kotela 2014,2014,,,,,21,49,,,22,46,,,12.68071,0.896104,0.575796,1.394594,
1,18,Radiographic outliers in femur sagittal alignment,,,SUBGROUP_AND_OVERALL,Liao 2024,2024,,,,,14,54,,,16,53,,,8.371595,0.858796,0.467102,1.578952,
1,18,Radiographic outliers in femur sagittal alignment,,,SUBGROUP_AND_OVERALL,Roh 2013,2013,,,,,4,42,,,3,48,,,1.949695,1.52381,0.361565,6.422064,
1,18,Radiographic outliers in femur sagittal alignment,,,SUBGROUP_AND_OVERALL,Van Leeuwen 2018,2018,,,,,29,43,,,23,46,,,15.903842,1.348837,0.944954,1.925345,
1,18,Radiographic outliers in femur sagittal alignment,,,SUBGROUP_AND_OVERALL,Victor 2014,2014,,,,,32,61,,,31,64,,,16.243244,1.083025,0.764874,1.533511,
1,18,Radiographic outliers in femur sagittal alignment,,,SUBGROUP_AND_OVERALL,Yan 2014,2014,,,,,5,30,,,10,30,,,4.146345,0.5,0.193999,1.288663,
1,19,Radiographic outliers in tibia sagittal alignment,,,SUBGROUP_AND_OVERALL,Abane 2015,2015,,,,,18,59,,,15,67,,,10.367282,1.362712,0.75605,2.456164,
1,19,Radiographic outliers in tibia sagittal alignment,,,SUBGROUP_AND_OVERALL,Boonen 2013,2013,,,,,29,86,,,23,82,,,11.652086,1.202224,0.761959,1.896878,
1,19,Radiographic outliers in tibia sagittal alignment,,,SUBGROUP_AND_OVERALL,Ferrara 2015,2015,,,,,0,15,,,1,15,,,1.224777,0.333333,0.01465,7.584305,
1,19,Radiographic outliers in tibia sagittal alignment,,,SUBGROUP_AND_OVERALL,Hamilton 2013,2013,,,,,17,26,,,13,26,,,11.468178,1.307692,0.812941,2.103547,
1,19,Radiographic outliers in tibia sagittal alignment,,,SUBGROUP_AND_OVERALL,Huijbregts 2016,2016,,,,,20,69,,,8,64,,,8.89082,2.318841,1.099701,4.88953,
1,19,Radiographic outliers in tibia sagittal alignment,,,SUBGROUP_AND_OVERALL,Kotela 2014,2014,,,,,14,49,,,9,46,,,8.996303,1.460317,0.700666,3.043573,
1,19,Radiographic outliers in tibia sagittal alignment,,,SUBGROUP_AND_OVERALL,Liao 2024,2024,,,,,7,54,,,5,53,,,6.26391,1.374074,0.46511,4.059422,
1,19,Radiographic outliers in tibia sagittal alignment,,,SUBGROUP_AND_OVERALL,Pfitzner 2014,2014,,,,,7,60,,,11,30,,,8.071232,0.318182,0.137335,0.737171,
1,19,Radiographic outliers in tibia sagittal alignment,,,SUBGROUP_AND_OVERALL,Qiu 2017,2017,,,,,0,10,,,2,16,,,1.368207,0.309091,0.016338,5.847422,
1,19,Radiographic outliers in tibia sagittal alignment,,,SUBGROUP_AND_OVERALL,Roh 2013,2013,,,,,2,42,,,3,48,,,3.315878,0.761905,0.133648,4.34348,
1,19,Radiographic outliers in tibia sagittal alignment,,,SUBGROUP_AND_OVERALL,Van Leeuwen 2018,2018,,,,,17,43,,,26,47,,,11.707596,0.714669,0.455619,1.121007,
1,19,Radiographic outliers in tibia sagittal alignment,,,SUBGROUP_AND_OVERALL,Victor 2014,2014,,,,,13,61,,,2,64,,,4.348339,6.819672,1.604821,28.980143,
1,19,Radiographic outliers in tibia sagittal alignment,,,SUBGROUP_AND_OVERALL,Woolson 2014,2014,,,,,7,15,,,2,26,,,4.38856,6.066667,1.441332,25.535023,
1,19,Radiographic outliers in tibia sagittal alignment,,,SUBGROUP_AND_OVERALL,Yan 2014,2014,,,,,6,30,,,11,30,,,7.936831,0.545455,0.231655,1.284326,
1,20,Radiographic outliers in femur rotation,,,SUBGROUP_AND_OVERALL,Chotanaphuti 2014,2014,,,,,0,40,,,11,40,,,2.320588,0.043478,0.002649,0.713654,
1,20,Radiographic outliers in femur rotation,,,SUBGROUP_AND_OVERALL,Huijbregts 2016,2016,,,,,5,69,,,6,64,,,9.549472,0.772947,0.247938,2.40966,
1,20,Radiographic outliers in femur rotation,,,SUBGROUP_AND_OVERALL,Liao 2024,2024,,,,,10,54,,,13,53,,,14.936533,0.754986,0.363058,1.570007,
1,20,Radiographic outliers in femur rotation,,,SUBGROUP_AND_OVERALL,Pfitzner 2014,2014,,,,,8,60,,,15,30,,,14.845986,0.266667,0.127523,0.557634,
1,20,Radiographic outliers in femur rotation,,,SUBGROUP_AND_OVERALL,Roh 2013,2013,,,,,4,42,,,6,48,,,8.967123,0.761905,0.230527,2.518143,
1,20,Radiographic outliers in femur rotation,,,SUBGROUP_AND_OVERALL,Sariali 2019,2019,,,,,2,40,,,8,40,,,6.647624,0.25,0.056557,1.105085,
1,20,Radiographic outliers in femur rotation,,,SUBGROUP_AND_OVERALL,Tammachote 2018,2018,,,,,1,44,,,1,42,,,2.411466,0.954545,0.061674,14.773722,
1,20,Radiographic outliers in femur rotation,,,SUBGROUP_AND_OVERALL,Van Leeuwen 2018,2018,,,,,5,43,,,7,47,,,10.267981,0.780731,0.267659,2.277299,
1,20,Radiographic outliers in femur rotation,,,SUBGROUP_AND_OVERALL,Victor 2014,2014,,,,,14,61,,,11,64,,,15.341439,1.33532,0.658118,2.709363,
1,20,Radiographic outliers in femur rotation,,,SUBGROUP_AND_OVERALL,Woolson 2014,2014,,,,,6,15,,,12,26,,,14.711787,0.866667,0.411024,1.827413,itt n= 22 or n= 30
2,1,Functional outcome measure,KSS FUNCTIONAL,1,SUBGROUP_AND_OVERALL,Lionberger 2014,2014,,,73.0,24.7,,30,67.3,28.03,,30,,,22.278884,5.7,-7.668865,19.068865,
2,1,Functional outcome measure,KSS FUNCTIONAL,1,SUBGROUP_AND_OVERALL,Yan 2014,2014,,,57.3,10.7,,30,52.5,16.9,,30,,,77.721116,4.8,-2.357671,11.957671,
2,1,Functional outcome measure,KSS Knee,2,SUBGROUP_AND_OVERALL,Lionberger 2014,2014,,,75.7,18.1,,30,74.7,19.7,,30,,,10.772837,1.0,-8.573108,10.573108,
2,1,Functional outcome measure,KSS Knee,2,SUBGROUP_AND_OVERALL,Yan 2014,2014,,,92.3,7.1,,30,89.9,6.0,,30,,,89.227163,2.4,-0.926362,5.726362,
2,2,Radiographic lower limb alignment measured by outliers in FTCA,,,SUBGROUP_AND_OVERALL,Lionberger 2014,2014,,,,,6,30,,,3,30,,,27.825038,2.0,0.550428,7.267072,
2,2,Radiographic lower limb alignment measured by outliers in FTCA,,,SUBGROUP_AND_OVERALL,Yan 2014,2014,,,,,8,30,,,7,30,,,41.92902,1.142857,0.474451,2.752911,81 patients 90 knees
2,2,Radiographic lower limb alignment measured by outliers in FTCA,,,SUBGROUP_AND_OVERALL,Zahn 2020,2020,,,,,14,75,,,3,75,,,30.245942,4.666667,1.398323,15.574206,
2,3,Operative time,,,SUBGROUP_AND_OVERALL,Lionberger 2014,2014,,,141.67,15.66,,30,167.6,26.4,,30,,,33.797181,-25.93,-36.913936,-14.946064,
2,3,Operative time,,,SUBGROUP_AND_OVERALL,Yan 2014,2014,,,73.7,16.0,,30,93.0,15.0,,30,,,66.202819,-19.3,-27.148018,-11.451982,
2,4,Range of motion,,,SUBGROUP_AND_OVERALL,Lionberger 2014,2014,,,118.2,12.4,,30,119.7,12.0,,30,,,63.661659,-1.5,-7.674768,4.674768,
2,4,Range of motion,,,SUBGROUP_AND_OVERALL,Yan 2014,2014,,,105.6,16.2,,30,100.7,16.1,,30,,,36.338341,4.9,-3.272917,13.072917,
2,5,Range of motion flexion,,,SUBGROUP_AND_OVERALL,Lionberger 2014,2014,,,118.2,12.4,,30,119.7,12.0,,30,,,59.110107,-1.5,-7.674768,4.674768,
2,5,Range of motion flexion,,,SUBGROUP_AND_OVERALL,Yan 2014,2014,,,105.6,16.2,,30,100.7,16.1,,30,,,40.889893,4.9,-3.272917,13.072917,
2,6,Incision length,,,SUBGROUP_AND_OVERALL,Lionberger 2014,2014,,,12.4,0.0,,30,12.8,0.0,,30,,,,,,,
2,7,Radiographic outliers in femur coronal alignment,,,SUBGROUP_AND_OVERALL,Ollivier 2016,2016,,,,,0,33,,,1,40,,,16.509394,0.401961,0.016915,9.552044,
2,7,Radiographic outliers in femur coronal alignment,,,SUBGROUP_AND_OVERALL,Yan 2014,2014,,,,,4,30,,,3,30,,,83.490606,1.333333,0.325911,5.454795,90 knees 81 patients
2,8,Radiographic outliers in tibia coronal alignment,,,SUBGROUP_AND_OVERALL,Ollivier 2016,2016,,,,,2,33,,,2,40,,,57.27989,1.212121,0.180392,8.144714,
2,8,Radiographic outliers in tibia coronal alignment,,,SUBGROUP_AND_OVERALL,Yan 2014,2014,,,,,3,30,,,1,30,,,42.72011,3.0,0.330465,27.234348,
2,9,Radiographic outliers in femur sagittal alignment,,,SUBGROUP_AND_OVERALL,Ollivier 2016,2016,,,,,3,33,,,2,40,,,68.747017,1.818182,0.32272,10.2435,
2,9,Radiographic outliers in femur sagittal alignment,,,SUBGROUP_AND_OVERALL,Yan 2014,2014,,,,,5,30,,,0,30,,,31.252983,11.0,0.635058,190.533773,
2,10,Radiographic outliers in tibia sagittal alignment,,,SUBGROUP_AND_OVERALL,Ollivier 2016,2016,,,,,6,33,,,1,40,,,30.420551,7.272727,0.921192,57.417524,
2,10,Radiographic outliers in tibia sagittal alignment,,,SUBGROUP_AND_OVERALL,Yan 2014,2014,,,,,6,30,,,3,30,,,69.579449,2.0,0.550428,7.267072,
3,4,Alignment measured by outliers in FTCA,MRI,1,SUBGROUP_AND_OVERALL,Abane 2015,2015,,,,,19,59,,,22,67,,,11.943084,0.98074,0.592278,1.623983,
3,4,Alignment measured by outliers in FTCA,MRI,1,SUBGROUP_AND_OVERALL,Abdel 2014,2014,,,,,4,20,,,2,20,,,1.159344,2.0,0.411879,9.711596,
3,4,Alignment measured by outliers in FTCA,MRI,1,SUBGROUP_AND_OVERALL,Boonen 2013,2013,,,,,26,86,,,15,82,,,8.902106,1.652713,0.945117,2.890078,itt 86.82
3,4,Alignment measured by outliers in FTCA,MRI,1,SUBGROUP_AND_OVERALL,Chareancholvanich 2013,2013,,,,,1,40,,,3,40,,,1.739016,0.333333,0.036191,3.070128,
3,4,Alignment measured by outliers in FTCA,MRI,1,SUBGROUP_AND_OVERALL,Hampton 2022,2022,,,,,11,43,,,14,45,,,7.930967,0.822259,0.420753,1.606903,
3,4,Alignment measured by outliers in FTCA,MRI,1,SUBGROUP_AND_OVERALL,Huijbregts 2016,2016,,,,,9,69,,,14,64,,,8.420499,0.596273,0.277412,1.281637,"itt 69, 64"
3,4,Alignment measured by outliers in FTCA,MRI,1,SUBGROUP_AND_OVERALL,Maus 2018,2018,,,,,15,59,,,8,66,,,4.377683,2.097458,0.958682,4.588933,
3,4,Alignment measured by outliers in FTCA,MRI,1,SUBGROUP_AND_OVERALL,Molicnik 2015,2015,,,,,0,19,,,4,19,,,2.608524,0.111111,0.006394,1.930968,
3,4,Alignment measured by outliers in FTCA,MRI,1,SUBGROUP_AND_OVERALL,Noble 2012,2012,,,,,0,15,,,0,14,,,,,,,"itt 15, 14"
3,4,Alignment measured by outliers in FTCA,MRI,1,SUBGROUP_AND_OVERALL,Pfitzner 2014,2014,,,,,2,30,,,7,15,,,5.410272,0.142857,0.033709,0.605421,
3,4,Alignment measured by outliers in FTCA,MRI,1,SUBGROUP_AND_OVERALL,Tammachote 2018,2018,,,,,12,51,,,8,51,,,4.637376,1.5,0.669952,3.358448,
3,4,Alignment measured by outliers in FTCA,MRI,1,SUBGROUP_AND_OVERALL,Teeter 2019,2019,,,,,3,25,,,7,25,,,4.057704,0.428571,0.124809,1.471637,
3,4,Alignment measured by outliers in FTCA,MRI,1,SUBGROUP_AND_OVERALL,Turgeon 2019,2019,,,,,6,25,,,10,29,,,5.367333,0.696,0.294749,1.643485,
3,4,Alignment measured by outliers in FTCA,MRI,1,SUBGROUP_AND_OVERALL,Van Leeuwen 2018,2018,,,,,11,42,,,11,49,,,5.8859,1.166667,0.563894,2.413771,
3,4,Alignment measured by outliers in FTCA,MRI,1,SUBGROUP_AND_OVERALL,Victor 2014,2014,,,,,11,46,,,13,48,,,7.375401,0.882943,0.44124,1.766812,"itt 61, 64"
3,4,Alignment measured by outliers in FTCA,MRI,1,SUBGROUP_AND_OVERALL,Vide 2017,2017,,,,,6,47,,,17,48,,,9.750693,0.360451,0.155717,0.834363,
3,4,Alignment measured by outliers in FTCA,MRI,1,SUBGROUP_AND_OVERALL,Yan 2014,2014,,,,,8,30,,,13,30,,,7.535736,0.615385,0.299294,1.265304,81 patients 90 knees
3,4,Alignment measured by outliers in FTCA,MRI,1,SUBGROUP_AND_OVERALL,Zahn 2020,2020,,,,,14,75,,,5,75,,,2.89836,2.8,1.061792,7.383742,
3,5,Outliers in femur coronal alignment,CT,1,SUBGROUP_AND_OVERALL,Hamilton 2013,2013,,,,,4,26,,,5,26,,,11.533239,0.8,0.241644,2.648525,
3,5,Outliers in femur coronal alignment,CT,1,SUBGROUP_AND_OVERALL,Kotela 2014,2014,,,,,8,49,,,12,46,,,28.553871,0.62585,0.281495,1.39146,
3,5,Outliers in femur coronal alignment,CT,1,SUBGROUP_AND_OVERALL,Pfitzner 2014,2014,,,,,4,30,,,4,15,,,12.302121,0.5,0.144751,1.727099,
3,5,Outliers in femur coronal alignment,CT,1,SUBGROUP_AND_OVERALL,Qiu 2017,2017,,,,,0,10,,,7,16,,,13.592745,0.10303,0.006518,1.628547,
3,5,Outliers in femur coronal alignment,CT,1,SUBGROUP_AND_OVERALL,Roh 2013,2013,,,,,2,42,,,1,48,,,2.152871,2.285714,0.214856,24.316218,
3,5,Outliers in femur coronal alignment,CT,1,SUBGROUP_AND_OVERALL,Sariali 2019,2019,,,,,1,40,,,7,40,,,16.146534,0.142857,0.01841,1.108527,
3,5,Outliers in femur coronal alignment,CT,1,SUBGROUP_AND_OVERALL,Victor 2014,2014,,,,,0,15,,,2,16,,,5.591873,0.2125,0.011027,4.09517,
3,5,Outliers in femur coronal alignment,CT,1,SUBGROUP_AND_OVERALL,Woolson 2014,2014,,,,,5,15,,,6,26,,,10.126746,1.444444,0.530138,3.935613,
3,6,Outliers in tibia coronal alignment,MRI,1,SUBGROUP_AND_OVERALL,Abane 2015,2015,,,,,7,59,,,7,67,,,22.163872,1.135593,0.423025,3.048453,
3,6,Outliers in tibia coronal alignment,MRI,1,SUBGROUP_AND_OVERALL,Boonen 2013,2013,,,,,8,86,,,2,82,,,6.922856,3.813953,0.834432,17.432499,
3,6,Outliers in tibia coronal alignment,MRI,1,SUBGROUP_AND_OVERALL,Chareancholvanich 2013,2013,,,,,0,40,,,1,40,,,5.071394,0.333333,0.013984,7.945347,
3,6,Outliers in tibia coronal alignment,MRI,1,SUBGROUP_AND_OVERALL,Ferrara 2015,2015,,,,,0,15,,,1,15,,,5.071394,0.333333,0.01465,7.584305,
3,6,Outliers in tibia coronal alignment,MRI,1,SUBGROUP_AND_OVERALL,Huijbregts 2016,2016,,,,,2,69,,,4,64,,,14.032129,0.463768,0.087921,2.446303,
3,6,Outliers in tibia coronal alignment,MRI,1,SUBGROUP_AND_OVERALL,Pfitzner 2014,2014,,,,,1,30,,,3,15,,,13.523718,0.166667,0.018904,1.469451,
3,6,Outliers in tibia coronal alignment,MRI,1,SUBGROUP_AND_OVERALL,Tammachote 2018,2018,,,,,0,51,,,0,51,,,,,,,
3,6,Outliers in tibia coronal alignment,MRI,1,SUBGROUP_AND_OVERALL,Van Leeuwen 2018,2018,,,,,8,43,,,3,47,,,9.691998,2.914729,0.826119,10.2838,
3,6,Outliers in tibia coronal alignment,MRI,1,SUBGROUP_AND_OVERALL,Victor 2014,2014,,,,,6,46,,,2,48,,,6.61799,3.130435,0.665516,14.724846,
3,6,Outliers in tibia coronal alignment,MRI,1,SUBGROUP_AND_OVERALL,Yan 2014,2014,,,,,3,30,,,5,30,,,16.904648,0.6,0.157279,2.28893,
3,7,Outliers in femur saggital alignment,MRI,1,SUBGROUP_AND_OVERALL,Abane 2015,2015,,,,,22,59,,,21,67,,,14.781013,1.189669,0.732575,1.931969,
3,7,Outliers in femur saggital alignment,MRI,1,SUBGROUP_AND_OVERALL,Boonen 2013,2013,,,,,42,86,,,54,82,,,41.551467,0.741602,0.568041,0.968194,
3,7,Outliers in femur saggital alignment,MRI,1,SUBGROUP_AND_OVERALL,Ferrara 2015,2015,,,,,1,15,,,0,15,,,0.375788,3.0,0.131851,68.258743,
3,7,Outliers in femur saggital alignment,MRI,1,SUBGROUP_AND_OVERALL,Huijbregts 2016,2016,,,,,10,69,,,3,64,,,2.339495,3.091787,0.890642,10.732881,
3,7,Outliers in femur saggital alignment,MRI,1,SUBGROUP_AND_OVERALL,Van Leeuwen 2018,2018,,,,,29,43,,,23,47,,,16.517991,1.37816,0.963097,1.9721,
3,7,Outliers in femur saggital alignment,MRI,1,SUBGROUP_AND_OVERALL,Victor 2014,2014,,,,,23,46,,,23,48,,,16.918476,1.043478,0.690488,1.576923,
3,7,Outliers in femur saggital alignment,MRI,1,SUBGROUP_AND_OVERALL,Yan 2014,2014,,,,,5,30,,,10,30,,,7.515769,0.5,0.193999,1.288663,
3,8,Outliers in tibia saggital alignment,MRI,1,SUBGROUP_AND_OVERALL,Abane 2015,2015,,,,,18,59,,,15,67,,,15.291665,1.362712,0.75605,2.456164,
3,8,Outliers in tibia saggital alignment,MRI,1,SUBGROUP_AND_OVERALL,Boonen 2013,2013,,,,,29,86,,,23,82,,,25.632978,1.202224,0.761959,1.896878,
3,8,Outliers in tibia saggital alignment,MRI,1,SUBGROUP_AND_OVERALL,Ferrara 2015,2015,,,,,0,15,,,1,15,,,1.632839,0.333333,0.01465,7.584305,
3,8,Outliers in tibia saggital alignment,MRI,1,SUBGROUP_AND_OVERALL,Huijbregts 2016,2016,,,,,20,69,,,8,64,,,9.03586,2.318841,1.099701,4.88953,
3,8,Outliers in tibia saggital alignment,MRI,1,SUBGROUP_AND_OVERALL,Pfitzner 2014,2014,,,,,3,30,,,5,15,,,7.257061,0.3,0.082564,1.090061,
3,8,Outliers in tibia saggital alignment,MRI,1,SUBGROUP_AND_OVERALL,Van Leeuwen 2018,2018,,,,,17,43,,,26,47,,,27.044649,0.714669,0.455619,1.121007,
3,8,Outliers in tibia saggital alignment,MRI,1,SUBGROUP_AND_OVERALL,Victor 2014,2014,,,,,11,46,,,2,48,,,2.130797,5.73913,1.344415,24.499587,
3,8,Outliers in tibia saggital alignment,MRI,1,SUBGROUP_AND_OVERALL,Yan 2014,2014,,,,,6,30,,,11,30,,,11.974151,0.545455,0.231655,1.284326,
3,9,Outliers in femur rotation,MRI,1,SUBGROUP_AND_OVERALL,Huijbregts 2016,2016,,,,,5,69,,,6,64,,,19.194465,0.772947,0.247938,2.40966,
3,9,Outliers in femur rotation,MRI,1,SUBGROUP_AND_OVERALL,Pfitzner 2014,2014,,,,,4,30,,,8,15,,,32.887135,0.25,0.089447,0.698737,
3,9,Outliers in femur rotation,MRI,1,SUBGROUP_AND_OVERALL,Tammachote 2018,2018,,,,,1,44,,,1,42,,,3.15487,0.954545,0.061674,14.773722,
3,9,Outliers in femur rotation,MRI,1,SUBGROUP_AND_OVERALL,Van Leeuwen 2018,2018,,,,,5,43,,,7,47,,,20.622974,0.780731,0.267659,2.277299,
3,9,Outliers in femur rotation,MRI,1,SUBGROUP_AND_OVERALL,Victor 2014,2014,,,,,12,46,,,8,48,,,24.140556,1.565217,0.704723,3.476407,
