review_group	review_pdf	review_id	comparison_id	comparison_label_raw	comparison_label_clean	comparison_label_canonical	comparison_label_normalized	comparison_role	parent_comparison_id	intervention	comparator	intervention_canonical	comparator_canonical	comparison_removed_shared_arm_context	analysis_count	analysis_ids	outcome_labels	classification_notes	manual_status
first_pass	Cochrane_reviews/first_pass/CD004508_early_feeding_gyn_surgery.pdf	CD004508_early_feeding_gyn_surgery	1	Early versus delayed oral fluids and food after major abdominal gynaecologic surgery	Early versus delayed oral fluids and food after major abdominal gynaecologic surgery	early versus delayed oral fluids food after major abdominal gynaecologic surgery	early versus delayed oral fluids and food after major abdominal gynaecologic surgery	main_comparison	.	Early	delayed oral fluids and food after major abdominal gynaecologic surgery	early	delayed oral fluids food after major abdominal gynaecologic surgery	.	16	1.1; 1.2; 1.3; 1.4; 1.5; 1.6; 1.7; 1.8; 1.9; 1.10; 1.11; 1.12; 1.13; 1.14; 1.15; 1.17	Postoperative ileus; Nausea or vomiting, or both (random-effects model); Nausea (random-effects model); Vomiting; Abdominal distension; Postoperative placement of nasogastric tube; Time to the presence of bowel sounds (random-effects model); Time to the first passage of flatus; Time to the first passage of stool; Time to the first solid diet (random-effects model); Hospital stay (random-effects model); Febrile morbidity; Infectious complications; Wound complications; Pneumonia; Satisfaction	Automatic comparison grouping from analysis_id and comparison label.	unverified
first_pass	Cochrane_reviews/first_pass/CD007895_decongestants_bp.pdf	CD007895_decongestants_bp	1	Adrenergic agonist oral decongestants (AAOD) versus placebo	Adrenergic agonist oral decongestants (AAOD) versus placebo	adrenergic agonist oral decongestants aaod versus placebo	adrenergic agonist oral decongestants aaod versus placebo	main_comparison	.	Adrenergic agonist oral decongestants (AAOD)	placebo	adrenergic agonist oral decongestants aaod	placebo	.	4	1.1; 1.2; 1.3; 1.4	Systolic blood pressure, measured as change-from-baseline; Diastolic blood pressure, measured as change-from-baseline; Heart rate, measured as change-from-baseline; Withdrawals due to adverse effects	Automatic comparison grouping from analysis_id and comparison label.	unverified
first_pass	Cochrane_reviews/first_pass/CD010441_hyaluronidase_perineal.pdf	CD010441_hyaluronidase_perineal	1	HAase injection versus placebo injection	HAase injection versus placebo injection	hyaluronidase versus placebo	hyaluronidase injection versus placebo injection	main_comparison	.	HAase injection	placebo injection	hyaluronidase	placebo	injection	7	1.1; 1.2; 1.3; 1.4; 1.5; 1.6; 1.7	Incidence of perineal trauma (tears or episiotomy or both); Incidence of episiotomy; Incidence of first and second degree perineal lacerations; Incidence of third and fourth degree perineal trauma; Incidence of perineal oedema 1 hour after vaginal delivery; Incidence of perineal oedema 24 hours after vaginal delivery; Incidence of neonatal Apgar scores less than 7 at five minutes	Automatic comparison grouping from analysis_id and comparison label.	unverified
first_pass	Cochrane_reviews/first_pass/CD010441_hyaluronidase_perineal.pdf	CD010441_hyaluronidase_perineal	2	HAase injection versus no intervention	HAase injection versus no intervention	hyaluronidase injection versus no intervention	hyaluronidase injection versus no intervention	main_comparison	.	HAase injection	no intervention	hyaluronidase injection	no intervention	.	7	2.1; 2.2; 2.3; 2.4; 2.5; 2.6; 2.7	Incidence of perineal trauma (tears or episiotomy or both); Incidence of episiotomy; Incidence of first and second degree perineal lacerations; Incidence of third and fourth degree perineal trauma; Incidence of perineal oedema 1 hour after vaginal delivery; Incidence of perineal oedema 24 hours after vaginal delivery; Incidence of neonatal Apgar scores less than 7 at five minutes	Automatic comparison grouping from analysis_id and comparison label.	unverified
first_pass	Cochrane_reviews/first_pass/CD012178_lutein_preterm.pdf	CD012178_lutein_preterm	1	Lutein and zeaxanthin versus control (placebo or no supplementation)	Lutein and zeaxanthin versus control (placebo or no supplementation)	lutein zeaxanthin versus control placebo or no supplementation	lutein and zeaxanthin versus control placebo or no supplementation	main_comparison	.	Lutein and zeaxanthin	control (placebo or no supplementation)	lutein zeaxanthin	control placebo or no supplementation	.	6	1.1; 1.2; 1.3; 1.4; 1.5; 1.6	Incidence of ROP at any stage; Incidence of ROP stage 3 and above; Mortality assessed throughout NICU stay; Incidence of IVH (all grades of IVH and severe IVH grades III and IV); Incidence of NEC; Any reported adverse effects	Automatic comparison grouping from analysis_id and comparison label.	unverified
first_pass	Cochrane_reviews/first_pass/CD012214_metformin_hyperplasia.pdf	CD012214_metformin_hyperplasia	1	Metformin versus megestrol	Metformin versus megestrol	metformin versus megestrol	metformin versus megestrol	main_comparison	.	Metformin	megestrol	metformin	megestrol	.	4	1.1; 1.2; 1.3; 1.4	Regression of endometrial hyperplasia (with or without atypia) to proliferative, secretory, or atrophic endometrium; Progression of endometrial hyperplasia to endometrial cancer; Hysterectomy rate; Abnormal uterine bleeding	Automatic comparison grouping from analysis_id and comparison label.	unverified
first_pass	Cochrane_reviews/first_pass/CD012214_metformin_hyperplasia.pdf	CD012214_metformin_hyperplasia	2	Metformin plus megestrol versus megestrol	Metformin plus megestrol versus megestrol	metformin plus versus megestrol	metformin plus megestrol versus megestrol	main_comparison	.	Metformin plus megestrol	megestrol	metformin plus	megestrol	megestrol	4	2.1; 2.2; 2.3; 2.4	Regression of endometrial hyperplasia (with or without atypia) to proliferative, secretory or atrophic endometrium; Recurrence of endometrial hyperplasia; Progression of endometrial hyperplasia to endometrial cancer; Hysterectomy rate	Automatic comparison grouping from analysis_id and comparison label.	unverified
first_pass	Cochrane_reviews/first_pass/CD012214_metformin_hyperplasia.pdf	CD012214_metformin_hyperplasia	3	Metformin plus levonorgestrel (intrauterine system) versus levonorgestrel (intrauterine system)	Metformin plus levonorgestrel (intrauterine system) versus levonorgestrel (intrauterine system)	metformin plus versus levonorgestrel intrauterine system	metformin plus levonorgestrel intrauterine system versus levonorgestrel intrauterine system	main_comparison	.	Metformin plus levonorgestrel (intrauterine system)	levonorgestrel (intrauterine system)	metformin plus	levonorgestrel intrauterine system	intrauterine; levonorgestrel; system	5	3.1; 3.2; 3.3; 3.4; 3.5	Regression of endometrial hyperplasia (with or without atypia) to proliferative, secretory, or atrophic endometrium; Progression of endometrial hyperplasia to endometrial cancer; Hysterectomy rate; Abnormal uterine bleeding; Adverse effects during treatment	Automatic comparison grouping from analysis_id and comparison label.	unverified
first_pass	Cochrane_reviews/first_pass/CD014762_nsaids_uti.pdf	CD014762_nsaids_uti	1	Primary outcomes	Primary outcomes	primary outcomes	primary outcomes	main_comparison	.	.	.	.	.	.	3	1.1; 1.2; 1.3	Short- term resolution of symptoms (days 1 to 4 after randomisation); Medium- term resolution of symptoms (days 5 to 10 after randomisation); Adverse events (to day 30 after randomisation)	Automatic comparison grouping from analysis_id and comparison label.	unverified
first_pass	Cochrane_reviews/first_pass/CD014762_nsaids_uti.pdf	CD014762_nsaids_uti	2	Secondary outcomes	Secondary outcomes	secondary outcomes	secondary outcomes	main_comparison	.	.	.	.	.	.	5	2.1; 2.2; 2.3; 2.4; 2.5	Duration of symptoms [days]; Severity of symptoms; Microbiological resolution (by day 10 after randomisation); Use of rescue antibiotic treatment (by day 30 after randomisation); Emergence of antibiotic resistant bacteria	Automatic comparison grouping from analysis_id and comparison label.	unverified
first_pass	Cochrane_reviews/first_pass/CD014811_loop_diuretics_hf.pdf	CD014811_loop_diuretics_hf	1	Meta-analysis continuous infusion versus bolus injection	continuous infusion versus bolus injection	continuous infusion versus bolus injection	continuous infusion versus bolus injection	main_comparison	.	continuous infusion	bolus injection	continuous infusion	bolus injection	.	5	1.1; 1.2; 1.3; 1.4; 1.5	Net weight loss (kg); All-cause mortality; Length of hospital stay (days); Readmission to hospital following discharge for the longest available follow-up stated in the trials; Acute kidney injury (adverse event)	Automatic comparison grouping from analysis_id and comparison label.	unverified
first_pass	Cochrane_reviews/first_pass/CD014811_loop_diuretics_hf.pdf	CD014811_loop_diuretics_hf	2	Sensitivity analysis - exclusion of trials with high risk of bias	exclusion of trials with high risk of bias	exclusion of trials with high risk of bias	exclusion of trials with high risk of bias	sensitivity_analysis	1	continuous infusion	bolus injection	continuous infusion	bolus injection	.	5	2.1; 2.2; 2.3; 2.4; 2.5	Net weight loss (kg); All-cause mortality; Length of hospital stay (days); Readmission to hospital following discharge for the longest available follow-up stated in the trials; Acute kidney injury (adverse event)	Automatic comparison grouping from analysis_id and comparison label. Classified as sensitivity_analysis of comparison 1 because this review has one prior main comparison. Intervention and comparator inherited from parent comparison.	unverified
first_pass	Cochrane_reviews/first_pass/CD014960_antibiotics_leptospirosis.pdf	CD014960_antibiotics_leptospirosis	1	Antibiotics versus placebo or no intervention	Antibiotics versus placebo or no intervention	antibiotics versus placebo or no intervention	antibiotics versus placebo or no intervention	main_comparison	.	Antibiotics	placebo or no intervention	antibiotics	placebo or no intervention	.	3	1.1; 1.2; 1.3	All-cause mortality; Proportion of people with adverse events considered non-serious; Days of hospitalisation	Automatic comparison grouping from analysis_id and comparison label.	unverified
first_pass	Cochrane_reviews/first_pass/CD014960_antibiotics_leptospirosis.pdf	CD014960_antibiotics_leptospirosis	2	Antibiotics versus another antibiotic	Antibiotics versus another antibiotic	antibiotics versus another antibiotic	antibiotics versus another antibiotic	main_comparison	.	Antibiotics	another antibiotic	antibiotics	another antibiotic	.	9	2.1; 2.2; 2.3; 2.4; 2.5; 2.6; 2.7; 2.8; 2.9	All-cause mortality (penicillin versus cefotaxime or ceftriaxone); All-cause mortality (penicillin versus doxycycline); All-cause mortality (cefotaxime versus doxycycline); Serious adverse event (nosocomial infection) (penicillin versus cefotaxime); Serious adverse event (nosocomial infection) (penicillin versus doxycycline); Serious adverse event (nosocomial infection) (doxycycline versus cefotaxime); Proportion of people with adverse events considered non-serious (penicillin versus cefotaxime); Proportion of people with adverse events considered non-serious (penicillin versus doxycycline); Proportion of people with adverse events considered non-serious (penicillin versus chloramphenicol)	Automatic comparison grouping from analysis_id and comparison label.	unverified
first_pass	Cochrane_reviews/first_pass/CD015040_rtms_ptsd.pdf	CD015040_rtms_ptsd	1	PTSD symptom severity (immediately after treatment) - as measured by validated scale	PTSD symptom severity (immediately after treatment) - as measured by validated scale	ptsd symptom severity immediately after treatment as measured by validated scale	ptsd symptom severity immediately after treatment as measured by validated scale	main_comparison	.	.	.	.	.	.	4	1.1; 1.2; 1.3; 1.4	PTSD symptom severity: immediately after treatment, SMD (ITT, endpoint); PTSD symptom severity: immediately after treatment, SMD (ITT, endpoint; with data imputation); PTSD symptom severity: change from baseline to immediately after treatment, SMD (ITT, with data imputation); PTSD symptom severity: immediately after treatment, SMD (per-protocol, endpoint)	Automatic comparison grouping from analysis_id and comparison label.	unverified
first_pass	Cochrane_reviews/first_pass/CD015040_rtms_ptsd.pdf	CD015040_rtms_ptsd	2	PTSD symptom severity (change from baseline to immediately after treatment): subgroup analyses	PTSD symptom severity (change from baseline to immediately after treatment): subgroup analyses	ptsd symptom severity change from baseline to immediately after treatment subgroup analyses	ptsd symptom severity change from baseline to immediately after treatment subgroup analyses	subgroup_variant	.	.	.	.	.	.	2	2.1; 2.2	Stimulation frequency: low versus high frequency; Combination treatment status: rTMS alone versus rTMS paired with exposure/psychotherapy	Automatic comparison grouping from analysis_id and comparison label. Classified as subgroup_variant; no parent comparison was auto-linked.	unverified
first_pass	Cochrane_reviews/first_pass/CD015040_rtms_ptsd.pdf	CD015040_rtms_ptsd	3	.	.	.	.	main_comparison	.	.	.	.	.	.	1	3.1		Automatic comparison grouping from analysis_id and comparison label.	unverified
first_pass	Cochrane_reviews/first_pass/CD015040_rtms_ptsd.pdf	CD015040_rtms_ptsd	4	PTSD symptom severity (4 to 12 weeks after treatment) - as measured by validated scale	PTSD symptom severity (4 to 12 weeks after treatment) - as measured by validated scale	ptsd symptom severity 4 to 12 weeks after treatment as measured by validated scale	ptsd symptom severity 4 to 12 weeks after treatment as measured by validated scale	main_comparison	.	.	.	.	.	.	1	4.1	PTSD symptom severity: change from baseline to 4 to 12 weeks after treatment (ITT)	Automatic comparison grouping from analysis_id and comparison label.	unverified
first_pass	Cochrane_reviews/first_pass/CD015040_rtms_ptsd.pdf	CD015040_rtms_ptsd	5	.	.	.	.	main_comparison	.	.	.	.	.	.	1	5.1		Automatic comparison grouping from analysis_id and comparison label.	unverified
first_pass	Cochrane_reviews/first_pass/CD015040_rtms_ptsd.pdf	CD015040_rtms_ptsd	6	Depression severity (immediately after treatment) - as measured by validated scale	Depression severity (immediately after treatment) - as measured by validated scale	depression severity immediately after treatment as measured by validated scale	depression severity immediately after treatment as measured by validated scale	main_comparison	.	.	.	.	.	.	3	6.1; 6.2; 6.3	Depression severity: immediately after treatment, SMD (ITT, endpoint); Depression severity: immediately after treatment, SMD (ITT, endpoint, with data imputation); Depression severity: change from baseline to immediately after treatment, SMD (ITT, with data imputation)	Automatic comparison grouping from analysis_id and comparison label.	unverified
first_pass	Cochrane_reviews/first_pass/CD015040_rtms_ptsd.pdf	CD015040_rtms_ptsd	7	Anxiety severity (immediately after treatment) - as measured by validated scale	Anxiety severity (immediately after treatment) - as measured by validated scale	anxiety severity immediately after treatment as measured by validated scale	anxiety severity immediately after treatment as measured by validated scale	main_comparison	.	.	.	.	.	.	2	7.1; 7.2	Anxiety severity: immediately after treatment, SMD (ITT, endpoint); Anxiety severity: change from baseline to immediately after treatment, SMD (ITT, with data imputation)	Automatic comparison grouping from analysis_id and comparison label.	unverified
first_pass	Cochrane_reviews/first_pass/CD015751_lubricating_drops_lens.pdf	CD015751_lubricating_drops_lens	1	Lubricants versus no treatment	Lubricants versus no treatment	lubricants versus no intervention	lubricants versus no intervention	main_comparison	.	Lubricants	no treatment	lubricants	no intervention	.	6	1.1; 1.2; 1.3; 1.4; 1.5; 1.6	Contact lens discomfort; Corneal fluorescein staining; Conjunctival redness; Participant discontinuation; Comfortable lens wear time (hours); Other dry eye symptoms	Automatic comparison grouping from analysis_id and comparison label.	unverified
first_pass	Cochrane_reviews/first_pass/CD015751_lubricating_drops_lens.pdf	CD015751_lubricating_drops_lens	2	Lubricants versus saline	Lubricants versus saline	lubricants versus saline	lubricants versus saline	main_comparison	.	Lubricants	saline	lubricants	saline	.	3	2.1; 2.2; 2.3	Contact lens discomfort; Participant discontinuation; Comfortable lens wear time (hours)	Automatic comparison grouping from analysis_id and comparison label.	unverified
