review_group	review_pdf	review_id	study_label	registry_type	registry_id	registry_url	source	lookup_status	notes	reference_excerpt
after_pilot	Cochrane_reviews/after_pilot/CD002243_corticosteroids_sepsis.pdf	CD002243_corticosteroids_sepsis	Chang 2020	NCT	NCT03258684	https://clinicaltrials.gov/study/NCT03258684	cochrane_pubmed_html_reference_block	extracted_from_pubmed_html	.	Chang P, Liao Y, Guan J, Guo Y, Zhao M, Hu J, et al. Combined treatment with hydrocortisone, vitamin c, and thiamine for sepsis and septic shock (HYVCTTSSS): a randomized controlled clinical trial. Chest 2020;158:174-82. [DOI: 10.1016/j.chest.2020.02.065] - DOI - PubMed NCT03258684. Hydrocortisone, vitamin C, and thiamine for the treatment of sepsis and septic shock (HYVCTTSSS) [Hydrocortisone, vitamin C, and thiamine for the treatment of sepsis and septic shock: a prospective study]. https://clinicaltrials.gov/ct2/show/NCT03258684 First received 23 August 2017.
after_pilot	Cochrane_reviews/after_pilot/CD002243_corticosteroids_sepsis.pdf	CD002243_corticosteroids_sepsis	Dequin 2023	NCT	NCT02517489	https://clinicaltrials.gov/study/NCT02517489	cochrane_pubmed_html_reference_block	extracted_from_pubmed_html	.	Dequin P-F, Meziani F, Quenot J-P, Kamel T, Ricard J-D, Badie J, et al. Hydrocortisone in severe community-acquired pneumonia. New England Journal of Medicine 2023;388(21):1931‐41. [DOI: 10.1056/NEJMoa2215145] - DOI - PubMed NCT02517489. Community-Acquired Pneumonia: Evaluation of Corticosteroids (CAPE COD). https://clinicaltrials.gov/ct2/show/NCT02517489 First received 7 August 2015.
after_pilot	Cochrane_reviews/after_pilot/CD002243_corticosteroids_sepsis.pdf	CD002243_corticosteroids_sepsis	Iglesias 2020	NCT	NCT03422159	https://clinicaltrials.gov/study/NCT03422159	cochrane_pubmed_html_reference_block	extracted_from_pubmed_html	.	Iglesias J, Vassallo AV, Patel VV, Sullivan JB, Cavanaugh J, Elbaga Y. Outcomes of metabolic resuscitation using ascorbic acid, thiamine, and glucocorticoids in the early treatment of sepsis: the ORANGES trial. Chest 2020;158(1):164‐73. [DOI: 10.1016/j.chest.2020.02.049] - DOI - PubMed NCT03422159. Metabolic resuscitation using ascorbic acid, thiamine, and glucocorticoids in sepsis (ORANGES) [Outcomes of metabolic resuscitation using ascorbic acid, thiamine, and glucocorticoids in the early treatment of sepsis]. https://clinicaltrials.gov/ct2/show/NCT03422159 (first received 5 February 2018).
after_pilot	Cochrane_reviews/after_pilot/CD002243_corticosteroids_sepsis.pdf	CD002243_corticosteroids_sepsis	Labib 2022	NCT	NCT04492280	https://clinicaltrials.gov/study/NCT04492280	cochrane_pubmed_html_reference_block	extracted_from_pubmed_html	.	Labib HA, Ali I, Hassan AI, Kamaly AM, Sherif S, Wahba SS, et al. Evaluation of the role of hydrocortisone either alone or combined with fludrocortisone in the outcome of septic shock in adults. Ain-Shams Journal of Anesthesiology 2022;14:60. [DOI: 10.1186/s42077-022-00259-6] - DOI NCT04492280. Evaluation of the role of hydrocortisone either alone or combined with fludrocortisone in the outcome of septic shock in adults. ClinicalTrials.gov 2020. [NCT: NCT04492280.]
after_pilot	Cochrane_reviews/after_pilot/CD002243_corticosteroids_sepsis.pdf	CD002243_corticosteroids_sepsis	Moskowitz 2020	NCT	NCT03389555	https://clinicaltrials.gov/study/NCT03389555	cochrane_pubmed_html_reference_block	extracted_from_pubmed_html	.	Moskowitz A, Huang DT, Hou PC, Gong J, Doshi PB, Grossestreuer AV, et al. Effect of ascorbic acid, corticosteroids, and thiamine on organ injury in septic shock: the ACTS randomized clinical trial. JAMA 2020;324(7):642‐50. [DOI: 10.1001/jama.2020.11946] - DOI - PMC - PubMed NCT03389555. Ascorbic Acid, Corticosteroids, and Thiamine in Sepsis (ACTS) Trial [Ascorbic acid, hydrocortisone, and thiamine in sepsis and septic shock - a randomized, double-blind, placebo-controlled trial]. https://clinicaltrials.gov/ct2/show/NCT03389555 (first received 3 January 2018).
after_pilot	Cochrane_reviews/after_pilot/CD002243_corticosteroids_sepsis.pdf	CD002243_corticosteroids_sepsis	Sevransky 2021	NCT	NCT03509350	https://clinicaltrials.gov/study/NCT03509350	cochrane_pubmed_html_reference_block	extracted_from_pubmed_html	.	NCT03509350. Vitamin C, Thiamine, and Steroids in Sepsis (VICTAS) [A multi-center, randomized, placebo-controlled, double-blind, adaptive clinical trial of vitamin C, thiamine and steroids as combination therapy in patients with sepsis]. https://clinicaltrials.gov/ct2/show/NCT03509350 (first received 26 April 2018). Sevransky JE, Rothman RE, Hager DN, Bernard GR, Brown SM, Buchman TG, et al. Effect of vitamin C, thiamine, and hydrocortisone on ventilator- and vasopressor-free days in patients with sepsis: the VICTAS randomized clinical trial. JAMA 2021;325(8):742‐50. [DOI: 10.1001/jama.2020.24
after_pilot	Cochrane_reviews/after_pilot/CD004376_exercise_knee_oa.pdf	CD004376_exercise_knee_oa	Allen 2018	NCT	NCT02312713	https://clinicaltrials.gov/study/NCT02312713	cochrane_pubmed_html_reference_block	extracted_from_pubmed_html	.	Allen K, Arbeeva L, Callahan LF, Golightly YM, Goode AP, Heiderscheit B, et al. Physical therapy vs. internet-based exercise training for patients with knee osteoarthritis: results of a randomized controlled trial. Arthritis and Rheumatology. Conference: American College of Rheumatology/Association of Rheumatology Health Professionals Annual Scientific Meeting, ACR/ARHP 2017;69:Supplement 10. Allen KD, Arbeeva L, Callahan LF, Golightly YM, Goode AP, Heiderscheit BC, et al. Physical therapy vs internet-based exercise training for patients with knee osteoarthritis: results of a randomized contro
after_pilot	Cochrane_reviews/after_pilot/CD004376_exercise_knee_oa.pdf	CD004376_exercise_knee_oa	Bennell 2022b	ACTRN	ACTRN12618000930280	.	cochrane_pubmed_html_reference_block	extracted_from_pubmed_html	.	ACTRN12618000930280. Better Knee, Better Me: effectiveness of two scalable health care interventions supporting self-management for knee osteoarthritis; a randomised controlled trial. https://www.anzctr.org.au/Trial/Registration/TrialReview.aspx?id=375067&... (registered 1 June 2018). Actrn12620000012976. Comparing effects of an online exercise plus education program to online education only in people with knee osteoarthritis: randomised controlled trial: the COPE Trial. Actrn12620000012976 2020. Bennell KL, Schwartz S, Teo PL, Hawkins S, Mackenzie D, McManus F, et al. Effectiveness of an unsu
after_pilot	Cochrane_reviews/after_pilot/CD004376_exercise_knee_oa.pdf	CD004376_exercise_knee_oa	Bennell 2022b	ACTRN	Actrn12620000012976	.	cochrane_pubmed_html_reference_block	extracted_from_pubmed_html	.	ACTRN12618000930280. Better Knee, Better Me: effectiveness of two scalable health care interventions supporting self-management for knee osteoarthritis; a randomised controlled trial. https://www.anzctr.org.au/Trial/Registration/TrialReview.aspx?id=375067&... (registered 1 June 2018). Actrn12620000012976. Comparing effects of an online exercise plus education program to online education only in people with knee osteoarthritis: randomised controlled trial: the COPE Trial. Actrn12620000012976 2020. Bennell KL, Schwartz S, Teo PL, Hawkins S, Mackenzie D, McManus F, et al. Effectiveness of an unsu
after_pilot	Cochrane_reviews/after_pilot/CD004376_exercise_knee_oa.pdf	CD004376_exercise_knee_oa	Cheung 2014	NCT	NCT01832155	https://clinicaltrials.gov/study/NCT01832155	cochrane_pubmed_html_reference_block	extracted_from_pubmed_html	.	Cheung C, Wyman JF, Resnick B, Savik K. Yoga for managing knee osteoarthritis in older women: a pilot randomized controlled trial. BMC Complementary and Alternative Medicine 2014;14:(no pagination). [DOI: 10.1186/1472-6882-14-160] - DOI - PMC - PubMed Cheung C, Wyman JF, Savik K. Adherence to a yoga program in older women with knee osteoarthritis. Journal of Aging and Physical Activity 2016;24(2):181-8. [DOI: 10.1123/japa.2015-0048] - DOI - PubMed NCT01832155. Yoga for managing knee osteoarthritis in older women: a feasibility studya pilot study testing a hatha yoga exercise program in older w
after_pilot	Cochrane_reviews/after_pilot/CD004376_exercise_knee_oa.pdf	CD004376_exercise_knee_oa	Cheung 2017	NCT	NCT02525341	https://clinicaltrials.gov/study/NCT02525341	cochrane_pubmed_html_reference_block	extracted_from_pubmed_html	.	Cheung C, Wyman JF, Bronas U, McCarthy T, Rudser K, Mathiason MA. Managing knee osteoarthritis with yoga or aerobic/strengthening exercise programs in older adults: a pilot randomized controlled trial. Rheumatology International 2017;37(3):389-98. [DOI: 10.1007/s00296-016-3620-2] - DOI - PMC - PubMed Cheung CK, Wyman J, Bronas U, McCarthy T, Switzer J, Mathiason M. Is yoga better than aerobic/strengthening exercises for managing knee osteoarthritis in older adults? Osteoarthritis and Cartilage 2016;1:S484. Nct02525341. Yoga versus exercises for managing OA [Yoga versus aerobic and strengthenin
after_pilot	Cochrane_reviews/after_pilot/CD004376_exercise_knee_oa.pdf	CD004376_exercise_knee_oa	Da Silva 2015	NCT	NCT01850862	https://clinicaltrials.gov/study/NCT01850862	cochrane_pubmed_html_reference_block	extracted_from_pubmed_html	.	Da Silva FS, De Melo FE, Do Amaral MM, Caldas VV, Pinheiro IL, Abreu BJ, et al. Efficacy of simple integrated group rehabilitation program for patients with knee osteoarthritis: Single-blind randomized controlled trial. Journal of Rehabilitation Research and Development 2015;52(3):309-22. - PubMed NCT01850862. Progressive collective-exercise program on the knee osteoarthritis. https://clinicaltrials.gov/study/NCT01850862 (first posted 10 May 2013).
after_pilot	Cochrane_reviews/after_pilot/CD004376_exercise_knee_oa.pdf	CD004376_exercise_knee_oa	De Almeida 2020	NCT	NCT02761590	https://clinicaltrials.gov/study/NCT02761590	cochrane_pubmed_html_reference_block	extracted_from_pubmed_html	.	De Almeida AC, Aily JB, Pedroso MG, Goncalves GH, De Carvalho Felinto J, Ferrari RJ, et al. A periodized training attenuates thigh intermuscular fat and improves muscle quality in patients with knee osteoarthritis: results from a randomized controlled trial. Clinical Rheumatology 2020;39(4):1265-75. [DOI: 10.1007/s10067-019-04892-9] - DOI - PubMed De Almeida AC, Pedroso MG, Aily JB, Goncalves GH, Pastre CM, Mattiello SM. Influence of a periodized circuit training protocol on intermuscular adipose tissue of patients with knee osteoarthritis: protocol for a randomized controlled trial. BMC Muscu
after_pilot	Cochrane_reviews/after_pilot/CD004376_exercise_knee_oa.pdf	CD004376_exercise_knee_oa	Drummen 2023	ACTRN	ACTRN12618001097235	.	cochrane_pubmed_html_reference_block	extracted_from_pubmed_html	.	ACTRN12618001097235. WALK - A pilot randomised controlled trial evaluating community walking for knee osteoarthritis. https://www.anzctr.org.au/Trial/Registration/TrialReview.aspx?id=374968 (first registered 2 July 2018). Aitken D, Drummen SJ, Balogun S, Lahham A, Bennell K, Hinman R, et al. Walk - a pilot randomized controlled trial evaluating community walking for knee osteoarthritis. Osteoarthritis and Cartilage 2021;29 Suppl 1:S387. [DOI: 10.1016/j.joca.2021.02.503] - DOI Drummen SJ, Balogun S, Lahham A, Bennell K, Hinman RS, Callisaya M, et al. A pilot randomized controlled trial evaluati
after_pilot	Cochrane_reviews/after_pilot/CD004376_exercise_knee_oa.pdf	CD004376_exercise_knee_oa	Hinman 2020	ACTRN	ACTRN12616000054415	.	cochrane_pubmed_html_reference_block	extracted_from_pubmed_html	.	ACTRN12616000054415. Telephone-delivered support and advice for people with symptomatic knee osteoarthritis: telecare Study. Effect of telephone-delivered advice on pain and function in people with knee osteoarthritis: telecare trial. https://www.anzctr.org.au/Trial/Registration/TrialReview.aspx?id=369204&... (registered 20 January 2016). Hinman RS, Campbell PK, Lawford BJ, Briggs AM, Gale J, Bills C, et al. Does telephone-delivered exercise advice and support by physiotherapists improve pain and/or function in people with knee osteoarthritis? Telecare randomised controlled trial. British Jour
after_pilot	Cochrane_reviews/after_pilot/CD004376_exercise_knee_oa.pdf	CD004376_exercise_knee_oa	Holm 2020	NCT	NCT03215602	https://clinicaltrials.gov/study/NCT03215602	cochrane_pubmed_html_reference_block	extracted_from_pubmed_html	.	Holm PM, Aagaard P, Schroder H, Skou ST. High-intensity strength training in addition to standard non-surgical treatment in patients with knee osteoarthritis E a randomized controlled trial. Osteoarthritis and Cartilage 2017;25 Suppl 1:S443-4. Holm PM, Petersen KK, Wernbom M, Schroder HM, Arendt-Nielsen L, Skou ST. Strength training in addition to neuromuscular exercise and education in individuals with knee osteoarthritis-the effects on pain and sensitization. European Journal of Pain (United Kingdom) 2021;25(9):1898-911. [DOI: 10.1002/ejp.1796] - DOI - PubMed Holm PM, Schroder H, Wernbom M,
after_pilot	Cochrane_reviews/after_pilot/CD004376_exercise_knee_oa.pdf	CD004376_exercise_knee_oa	Hsu 2021	NCT	NCT03973463	https://clinicaltrials.gov/study/NCT03973463	cochrane_pubmed_html_reference_block	extracted_from_pubmed_html	.	Hsu YI, Chen YC, Lee CL, Chang NJ. Effects of diet control and telemedicine-based resistance exercise intervention on patients with obesity and knee osteoarthritis: a randomized control trial [Effects of diet control and telemedicine-based resistance exercise intervention on patients with obesity and knee osteoarthritis: a randomized control trial]. International Journal of Environmental Research and Public Health 2021;18(15):(no pagination). [DOI: 10.3390/ijerph18157744] - DOI - PMC - PubMed NCT03973463. Effects of diet control and resistance exercise training on obesity adults with knee oste
after_pilot	Cochrane_reviews/after_pilot/CD004376_exercise_knee_oa.pdf	CD004376_exercise_knee_oa	Li 2020	NCT	NCT02585323	https://clinicaltrials.gov/study/NCT02585323	cochrane_pubmed_html_reference_block	extracted_from_pubmed_html	.	Li LC, Feehan LM, Xie H, Lu N, Shaw CD, Gromala D, et al. Effects of a 12-week multifaceted wearable-based program for people with knee osteoarthritis: randomized controlled trial. JMIR MHealth and UHealth 2020;8(7):e19116. [DOI: 10.2196/19116] - DOI - PMC - PubMed Nct02585323. Supra: using wearable activity trackers with a new application to improve physical activity in knee osteoarthritis [Supporting physical activity and reducing sedentary behavior in arthritis]. Nct02585323 2015.
after_pilot	Cochrane_reviews/after_pilot/CD004376_exercise_knee_oa.pdf	CD004376_exercise_knee_oa	Marconcin 2018	NCT	NCT02562833	https://clinicaltrials.gov/study/NCT02562833	cochrane_pubmed_html_reference_block	extracted_from_pubmed_html	.	Marconcin P, Espanha M, Teles J, Bento P, Campos P, Andre R, et al. A randomized controlled trial of a combined self-management and exercise intervention for elderly people with osteoarthritis of the knee: the PLE 2 NO program. Clinical Rehabilitation 2018;32(2):223-32. [DOI: 10.1177/0269215517718892] - DOI - PubMed Marconcin P, Espanha M, Yazigi F, Campos P. The PLE2NO self-management and exercise program for knee osteoarthritis: study protocol for a randomized controlled trial. BMC Musculoskeletal Disorders 2016;17(1):(no pagination). [DOI: 10.1186/s12891-016-1115-7] - DOI - PMC - PubMed Mar
after_pilot	Cochrane_reviews/after_pilot/CD004376_exercise_knee_oa.pdf	CD004376_exercise_knee_oa	Nelligan 2021	ACTRN	ACTRN12618001167257	.	cochrane_pubmed_html_reference_block	extracted_from_pubmed_html	.	ACTRN12618001167257. My Knee Exercise: a 6 month electronically delivered intervention to support self-management for people with knee osteoarthritis: a pragmatic randomised controlled trial. https://www.anzctr.org.au/Trial/Registration/TrialReview.aspx?id=375219 (first registered 13 July 2018). Nelligan R, Hinman R, Kasza J, Crofts S, Bennel K. Effects of self-directed web-based strengthening exercise and physical activity supported by automated sms on pain and function in people with knee osteoarthritis: A randomised controlled trial. Internal Medicine Journal 2021;51(SUPPL 2):9-10. [DOI: 10
after_pilot	Cochrane_reviews/after_pilot/CD004376_exercise_knee_oa.pdf	CD004376_exercise_knee_oa	Pazit 2018	ACTRN	ACTRN12616001382460	.	cochrane_pubmed_html_reference_block	extracted_from_pubmed_html	.	ACTRN12616001382460. High speed resistance training and balance training for people with knee osteoarthritis to reduce falls risk. https://www.anzctr.org.au/Trial/Registration/TrialReview.aspx?id=371590&... (registered 6 October 2016). - PMC - PubMed Levinger P, Dunn J, Bifera N, Butson M, Elias G, Hill KD. High-speed resistance training and balance training for people with knee osteoarthritis to reduce falls risk: study protocol for a pilot randomized controlled trial. Trials 2017;18(1):(no pagination). [DOI: 10.1186/s13063-017-2129-7] - DOI - PMC - PubMed Pazit L, Dunn J, Nancy B, Butson M,
after_pilot	Cochrane_reviews/after_pilot/CD004376_exercise_knee_oa.pdf	CD004376_exercise_knee_oa	Rosadi 2023	ISRCTN	Isrctn17933625	https://www.isrctn.com/ISRCTN17933625	cochrane_pubmed_html_reference_block	extracted_from_pubmed_html	.	Isrctn17933625. Effectiveness of a combined exercise and physiotherapy intervention in improving functional activity of patients with knee osteoarthritis in Muslim prayer movements. Isrctn17933625 2021. Rosadi R, Wu PT, You YL, Kuo LC, Lin CF. Effectiveness of combined exercise and physiotherapy intervention in improving functional activity of patients with knee osteoarthritis in Muslim pray movements. Journal of Medical and Biological Engineering 2023;98(7):560-70. [DOI: 10.1007/s40846-023-00778-z] - DOI
after_pilot	Cochrane_reviews/after_pilot/CD004376_exercise_knee_oa.pdf	CD004376_exercise_knee_oa	Shabbir 2022	NCT	NCT04546659	https://clinicaltrials.gov/study/NCT04546659	cochrane_pubmed_html_reference_block	extracted_from_pubmed_html	.	NCT04546659. Retro-walking in knee osteoarthritis [Effects of retro-walking on pain, functional disability and performance in knee osteoarthritis]. https://clinicaltrials.gov/study/NCT04546659 (first posted 14 September 2020). Shabbir S, Hashim M, Sajjad R, Kayani MS, Syed FA, Ibrahim M, et al. Effects of retro-walking on pain, functional disability and performance in knee osteoarthritis. Pakistan Journal of Medical and Health Sciences 2022;16(2):38-41. [DOI: 10.53350/pjmhs2216238] - DOI
after_pilot	Cochrane_reviews/after_pilot/CD004376_exercise_knee_oa.pdf	CD004376_exercise_knee_oa	Wallis 2017	ACTRN	ACTRN12615000015549	.	cochrane_pubmed_html_reference_block	extracted_from_pubmed_html	.	ACTRN12615000015549. Prescribing the maximum tolerated dose of walking for people with severe knee osteoarthritis: a phase II, randomised controlled trial. https://www.anzctr.org.au/Trial/Registration/TrialReview.aspx?ACTRN=1261... (registered on 14 January 2015). Wallis JA, Webster KE, Levinger P, Singh PJ, Fong C, Taylor NF. A walking program for people with severe knee osteoarthritis did not reduce pain but may have benefits for cardiovascular health: a phase II randomised controlled trial. Osteoarthritis and Cartilage 2017;25(12):1969-79. [DOI: 10.1016/j.joca.2016.12.017] - DOI - PubMed
after_pilot	Cochrane_reviews/after_pilot/CD012079_vaginal_prolapse_repair.pdf	CD012079_vaginal_prolapse_repair	Iglesia 2010	NCT	NCT00475540	https://clinicaltrials.gov/study/NCT00475540	cochrane_pubmed_html_reference_block	extracted_from_pubmed_html	.	Gutman R, Nosti P, Sokol A, Sokol E, Peterson J, Wang H, Iglesia C. Three-year outcome of vaginal mesh for prolapse, a randomized controlled trial. Obstetrics & Gynecology 2013;122(4):770-7. [ CLINICALTRIALS.GOV : NCT00475540] - PubMed Iglesia CB, Sokol AI, Sokol ER, Kudish BI. Vaginal mesh for prolapse: a randomized controlled trial. Obstetrics and Gynecology 2010;116(2 Pt 1):293-303. [39891] - PubMed Sokol AI, Iglesia CB, Kudish BI, Gutman RE, Shveiky D, Bercik R, et al. One-year objective and functional outcomes of a randomized clinical trial of vaginal mesh for prolapse. American Journal o
after_pilot	Cochrane_reviews/after_pilot/CD013729_dash_cvd.pdf	CD013729_dash_cvd	NCT02514889	NCT	NCT02514889	https://clinicaltrials.gov/study/NCT02514889	cochrane_pubmed_html_reference_block	extracted_from_pubmed_html	.	Gelberg L, Rico MW, Herman DR, Belin TR, Chandler M, Ramirez E, et al. Comparative effectiveness trial comparing MyPlate to calorie counting for mostly low-income Latino primary care patients of a federally qualified community health center: study design, baseline characteristics. BMC Public Health 2019;19(1):990. [DOI: 10.1186/s12889-019-7294-z] - DOI - PMC - PubMed NCT02514889. Is MyPlate approach to helping overweight patients lose weight more patient-centered? clinicaltrials.gov/ct2/show/results/NCT02514889?view=results2 (first posted 20 November 2017).
after_pilot	Cochrane_reviews/after_pilot/CD015148_steroid_carpal_tunnel.pdf	CD015148_steroid_carpal_tunnel	Atroshi 2013	EUCTR	EUCTR2008-001871-31-SE	https://www.clinicaltrialsregister.eu/ctr-search/search?query=EUCTR2008-001871-31-SE	cochrane_pubmed_html_reference_block	extracted_from_pubmed_html	.	Atroshi I, Flondell M, Hofer M, Ranstam J. Methylprednisolone injections for the carpal tunnel syndrome: a randomized placebo-controlled trial. Annals of Internal Medicine 2013;159(5):309-17. [DOI: 10.7326/0003-4819-159-5-201309030-00004] - DOI - PubMed Atroshi I, Flondell M, Hofer M. Randomized placebo-controlled trial of local steroid injection for moderately severe carpal tunnel syndrome. Arthritis and Rheumatism 2012;64(Suppl 10):S1122. [DOI: 10.1002/art.37735] - DOI Atroshi I, Hofer M, Ranstam J. Randomized controlled trial of local steroid injection in carpal tunnel syndrome: 5 years fol
after_pilot	Cochrane_reviews/after_pilot/CD015332_cbt_schizophrenia.pdf	CD015332_cbt_schizophrenia	Francey 2020 – STAGES	ACTRN	ACTRN12607000608460	.	cochrane_pubmed_html_reference_block	extracted_from_pubmed_html	.	ACTRN12607000608460. A randomised placebo controlled trial of intensive psychosocial treatment plus or minus anti-psychotic medication for first episode psychosis with low-risk of self-harm or aggression to evaluate the impact on functioning and symptomatology. The STAGES Study: Staged Treatment and Acceptability Guidelines in Early Psychosis. www.anzctr.org.au/Trial/Registration/TrialReview.aspx?id=82439&isRev... (first received 26 November 2007). Francey S, Nelson B, Jessica G, Lara B, Yuen HP, O’Donoghue B, et al. Antipsychotic medication in first-episode psychosis: An RCT to assess the ris
after_pilot	Cochrane_reviews/after_pilot/CD015332_cbt_schizophrenia.pdf	CD015332_cbt_schizophrenia	Morrison 2014 – ACTION	ISRCTN	ISRCTN29607432	https://www.isrctn.com/ISRCTN29607432	cochrane_pubmed_html_reference_block	extracted_from_pubmed_html	.	Conus P, Francey S, O’Donoghue B, Morrison AP. Management of psychosis without the use of antipsychotic medication. Early Intervention In Psychiatry 2016;10(S1):8. [DOI: 10.1111/eip.12395] - DOI Howes O. Cognitive therapy: at last an alternative to antipsychotics? Lancet 2014;383(9926):1364-1366. [DOI: 10.1016/ S0140-6736(13)62569-6] - PubMed Hutton P, Di Rienzo F, Turkington D, Spencer H, Taylor P. Suicidal ideation in people with psychosis not taking antipsychotic medication: do negative appraisals and negative metacognitive beliefs mediate the effect of symptoms? Schizophrenia Bulletin 2019
after_pilot	Cochrane_reviews/after_pilot/CD015332_cbt_schizophrenia.pdf	CD015332_cbt_schizophrenia	Morrison 2018 – COMPARE	ISRCTN	ISRCTN06022197	https://www.isrctn.com/ISRCTN06022197	cochrane_pubmed_html_reference_block	extracted_from_pubmed_html	.	ISRCTN06022197. A trial of antipsychotic medication in comparison to cognitive behaviour therapy or a combination of both in adults with psychosis. https://www.isrctn.com/ISRCTN06022197 (first received 20 March 2014). [DOI: 10.1186/ISRCTN06022197] - DOI Jauhar S. Cognitive behavioural therapy – a valid alternative to antipsychotics for psychosis? The Lancet Psychiatry 2018;5(5):381-383. [DOI: 10.1016/ S2215-0366(18)30123-8] - PubMed Law H, Carter L, Sellers R, Emsley R, Byrne R, Davies L, et al. A pilot randomised controlled trial comparing antipsychotic medication, to cognitive behavioural th
after_pilot	Cochrane_reviews/after_pilot/CD015332_cbt_schizophrenia.pdf	CD015332_cbt_schizophrenia	Morrison 2020 – MAPS	ISRCTN	ISRCTN80567433	https://www.isrctn.com/ISRCTN80567433	cochrane_pubmed_html_reference_block	extracted_from_pubmed_html	.	Byrne RE, Bird JC, Reeve S, Jones W, Shiers D, Morrison AP, et al. Understanding young peoples' and family members' views of treatment for first episode psychosis in a randomised controlled trial (MAPS). EClinical Medicine 2020;24(100417):1-6. [DOI: 10.1016/j.eclinm.2020.100417] - DOI - PMC - PubMed Byrne RE, Reeve S, Bird JC, Jones W, Shiers D, Morrison AP, et al. Clinicians’ views of treatment types for first episode psychosis delivered in a randomised controlled trial (MAPS). EClinical Medicine 2020;24(100421):1-7. [DOI: 10.1016/j.eclinm.2020.100421] - DOI - PMC - PubMed ISRCTN80567433. Man
first_pass	Cochrane_reviews/first_pass/CD014811_loop_diuretics_hf.pdf	CD014811_loop_diuretics_hf	Felker 2011	NCT	NCT00577135	https://clinicaltrials.gov/study/NCT00577135	cochrane_pubmed_html_reference_block	extracted_from_pubmed_html	.	Felker GM, Lee KL, Bull DA, Redfield MM, Stevenson LW, Goldsmith SR, et al. Diuretic strategies in patients with acute decompensated heart failure. New England Journal of Medicine 2011;364(9):797-805. [DOI: 10.1056/NEJMoa1005419] - DOI - PMC - PubMed NCT00577135. Determining optimal dose and duration of diuretic treatment in people with acute heart failure (the DOSE-AHF study). clinicaltrials.gov/show/NCT00577135 (first received 18 December 2007).
first_pass	Cochrane_reviews/first_pass/CD014811_loop_diuretics_hf.pdf	CD014811_loop_diuretics_hf	Llorens 2014	EUCTR	EUCTR2008-004488-20-ES	https://www.clinicaltrialsregister.eu/ctr-search/search?query=EUCTR2008-004488-20-ES	cochrane_pubmed_html_reference_block	extracted_from_pubmed_html	.	EUCTR2008‐004488‐20‐ES EUCTR2008-004488-20-ES. Multicentric, controlled, randomized phase IV clinical trial to evaluate clinical efficacy and safety of three different dosing schedules of furosemide in patients with moderate to severe descompensation of congestive heart failure [Ensayo clínico en fase IV, multicéntrico, controlado, aleatorizado, para evaluar la eficacia y seguridad de 3 pautas de administración de furosemida en pacientes con descompensación aguda moderada-severa de insuficiencia cardiaca crónica]. trialsearch.who.int/Trial2.aspx?TrialID=EUCTR2008-004488-20-ES (first received 1
first_pass	Cochrane_reviews/first_pass/CD015040_rtms_ptsd.pdf	CD015040_rtms_ptsd	Isserles 2021	NCT	NCT02479906	https://clinicaltrials.gov/study/NCT02479906	cochrane_pubmed_html_reference_block	extracted_from_pubmed_html	.	Isserles M, Tendler A, Roth Y, Bystritsky A, Blumberger DM, Ward H, et al. Deep transcranial magnetic stimulation combined with brief exposure for posttraumatic stress disorder: a prospective multisite randomized trial. Biological Psychiatry 2021;90(10):721-8. [DOI: 10.1016/j.biopsych.2021.04.019] - DOI - PubMed NCT02479906. A safety & efficacy study with deep transcranial magnetic stimulation for the treatment of post-traumatic stress disorder (PTSD). clinicaltrials.gov/study/NCT02479906 (first received 24 June 2015).
first_pass	Cochrane_reviews/first_pass/CD015040_rtms_ptsd.pdf	CD015040_rtms_ptsd	Kozel 2018	NCT	NCT01391832	https://clinicaltrials.gov/study/NCT01391832	cochrane_pubmed_html_reference_block	extracted_from_pubmed_html	.	Kozel FA, Didehbani N, Motes MA, Jones P, Schraufnagel CD, DeLaRosa B, et al. Augmenting cognitive processing therapy with RTMS in combat veterans of recent conflicts with PTSD. Biological Psychiatry 2016;79(9):160S-1S. Kozel FA, Motes MA, Didehbani N, DeLaRosa B, Bass C, Schraufnagel CD, et al. Repetitive TMS to augment cognitive processing therapy in combat veterans of recent conflicts with PTSD: a randomized clinical trial. Journal of Affective Disorders 2018;229:506-14. - PubMed NCT01391832. Novel treatment of emotional dysfunction in post traumatic stress disorder (PTSD). clinicaltrials.g
first_pass	Cochrane_reviews/first_pass/CD015040_rtms_ptsd.pdf	CD015040_rtms_ptsd	Leong 2020	NCT	NCT01806168	https://clinicaltrials.gov/study/NCT01806168	cochrane_pubmed_html_reference_block	extracted_from_pubmed_html	.	Chan P, Leong K, Ong L, Zwicker A, Cox D, Willan S, et al. The role of fast or slow repetitive transcranial magnetic stimulation in civilian post-traumatic stress disorder: a randomized, sham-controlled trial. Brain Stimulation: Basic, Translational, and Clinical Research in Neuromodulation 2019;12(4):e132. Leong K, Chan P, Ong L, Zwicker A, Willan S, Lam RW, et al. A randomized sham-controlled trial of 1-Hz and 10-Hz repetitive transcranial magnetic stimulation (rTMS) of the right dorsolateral prefrontal cortex in civilian post-traumatic stress disorder. Canadian Journal of Psychiatry 2020;65
first_pass	Cochrane_reviews/first_pass/CD015040_rtms_ptsd.pdf	CD015040_rtms_ptsd	Watts 2012	NCT	NCT00134446	https://clinicaltrials.gov/study/NCT00134446	cochrane_pubmed_html_reference_block	extracted_from_pubmed_html	.	NCT00134446. A prospective double blind randomized placebo controlled trial of repetitive transcranial magnetic stimulation for posttraumatic stress disorder. clinicaltrials.gov/study/NCT00134446 (first received 24 August 2005). Watts BV, Landon B, Groft A, Young-Xu Y. A sham controlled study of repetitive transcranial magnetic stimulation for posttraumatic stress disorder. Brain Stimulation 2012;5(1):38-43. [DOI: 10.1016/j.brs.2011.02.002] - DOI - PubMed
first_pass	Cochrane_reviews/first_pass/CD015751_lubricating_drops_lens.pdf	CD015751_lubricating_drops_lens	McDonald 2014	NCT	NCT01132287	https://clinicaltrials.gov/study/NCT01132287	cochrane_pubmed_html_reference_block	extracted_from_pubmed_html	.	McDonald M, Schachet JL, Lievens CW, Kern Jr. Systane® Ultra lubricant eye drops for treatment of contact lens-related dryness. Eye & Contact Lens 2014;40(2):106‐10. - PubMed NCT01132287. An evaluation of a marketed lubricated eye drop in soft contact lens wearers who experience ocular dryness. clinicaltrials.gov/show/NCT01132287 (first received 28 May 2010).
first_pass	Cochrane_reviews/first_pass/CD015751_lubricating_drops_lens.pdf	CD015751_lubricating_drops_lens	NCT02293538	NCT	NCT02293538	https://clinicaltrials.gov/study/NCT02293538	cochrane_pubmed_html_reference_block	extracted_from_pubmed_html	.	NCT02293538. Formula identification (FID) 114657 in contact lens wearers. clinicaltrials.gov/show/NCT02293538 (first received 5 August 2016).
first_pass	Cochrane_reviews/first_pass/CD015751_lubricating_drops_lens.pdf	CD015751_lubricating_drops_lens	Pucker 2020	NCT	NCT03682809	https://clinicaltrials.gov/study/NCT03682809	cochrane_pubmed_html_reference_block	extracted_from_pubmed_html	.	NCT03682809. Evaluation of systane complete for the treatment of contact lens discomfort. clinicalTrials.gov/show/NCT03682809 (first received by 6 April 2020). Pucker AD, McGwin G, Franklin QX, Nattis A, Lievens C. Evaluation of Systane® Complete for the treatment of contact lens discomfort. Contact Lens and Anterior Eye 2020;43(5):441‐7. - PubMed
first_pass	Cochrane_reviews/first_pass/CD015751_lubricating_drops_lens.pdf	CD015751_lubricating_drops_lens	Pucker 2021	NCT	NCT03848221	https://clinicaltrials.gov/study/NCT03848221	cochrane_pubmed_html_reference_block	extracted_from_pubmed_html	.	Brafford R, Lievens C, Pucker AD, Nattis A, McGwin G, Franklin Q, et al. Use of Systane® Complete over contact lenses to alleviate lens discomfort. Investigative Ophthalmology & Visual Science 2020;61(7):1487. NCT03848221. Direct application of systane complete to contact lenses. clinicaltrials.gov/show/NCT03848221 (first received 27 April 2020). Pucker AD, McGwin G, Franklin QX, Dubey J, Nattis A, Lievens C. Application of Systane® Complete for the treatment of contact lens discomfort. Contact Lens and Anterior eye 2021;44:101399. - PubMed
second_pass	Cochrane_reviews/second_pass/CD004661_magnesium_preterm_neuro.pdf	CD004661_magnesium_preterm_neuro	Crowther 2023	ACTRN	ACTRN12611000491965	.	cochrane_pubmed_html_reference_block	extracted_from_pubmed_html	.	ACTRN12611000491965. MAGENTA - Magnesium Sulphate at 30 to 34 weeks' gestational age: neuroprotection trial [Does antenatal magnesium sulphate given to women at risk of imminent preterm birth (defined as planned or definitely expected in the next 24 hours) between 30 and 34 weeks' gestation reduce the risk of death or cerebral palsy in their children at 2 years corrected age? - a randomised controlled trial]. trialsearch.who.int/Trial2.aspx?TrialID=ACTRN12611000491965 (first received 11 May 2011). Crowther CA, Ashwood P, Middleton PF, McPhee A, Tran T, Hardine JE, et al. Prenatal intravenous m
second_pass	Cochrane_reviews/second_pass/CD004661_magnesium_preterm_neuro.pdf	CD004661_magnesium_preterm_neuro	Wolf 2020	NCT	NCT01492608	https://clinicaltrials.gov/study/NCT01492608	cochrane_pubmed_html_reference_block	extracted_from_pubmed_html	.	Huusom LD, Brok J, Hegaard HK, Pryds O, Secher NJ. Does antenatal magnesium sulfate prevent cerebral palsy in preterm infants? the final trial? Acta Obstetricia et Gynecologica Scandinavica 2012;91(11):1346-7. - PubMed Larsen ML, Krebs L, Rackauskaite G, Hoei-Hansen CE, Greisen G. Re: antenatal magnesium sulphate for the prevention of cerebral palsy in infants born preterm: a double-blind, randomised, placebo-controlled, multi-centre trial: at which gestational ages should magnesium sulphate be given to women at risk of preterm birth? BJOG: an international journal of obstetrics and gynaecolog
second_pass	Cochrane_reviews/second_pass/CD013476_aspirin_desensitisation.pdf	CD013476_aspirin_desensitisation	Fruth 2013	EUCTR	EUCTR2005-004437-18-DE	https://www.clinicaltrialsregister.eu/ctr-search/search?query=EUCTR2005-004437-18-DE	cochrane_pubmed_html_reference_block	extracted_from_pubmed_html	.	EUCTR2005-004437-18-DE 2006. Placebo-controlled double-blind study about the effectiveness of longtime acetylsalicylic acid desactivation therapy as prevention of recurrens of poyposis nasi in case of acetylsalicylic acid intolerance. www.clinicaltrialsregister.eu/ctr-search/trial/2005-004437-18/DE (first received 19 May 2006). Fruth K, Pogorzelski B, Schmidtmann I, Springer J, Fennan N, Fraessdorf N, et al. Low-dose aspirin desensitization in individuals with aspirin-exacerbated respiratory disease. Allergy 2013;68(5):659-65. [DOI: 10.1111/all.12131.] - DOI - PubMed
second_pass	Cochrane_reviews/second_pass/CD013595_daratumumab_ndmm.pdf	CD013595_daratumumab_ndmm	AMaRC 03‐16	ACTRN	ACTRN12617000202369	.	cochrane_pubmed_html_reference_block	extracted_from_pubmed_html	.	https://anzctr.org.au/ACTRN12617000202369.aspx Mollee P, Reynolds J, Janowski W, Quach H, Campbell P, Gibbs SD, et al. A randomized study of bortezomib, cyclophosphamide and dexamethasone induction (VCD) versus vcd and daratumumab induction followed by daratumumab maintenance (VCDD) for the initial treatment of transplant-ineligible patients with multiple myeloma (amarc 03-16). In: Blood. Vol. 136. 2020:4-5. Mollee P, Reynolds J, Janowski W, Quach H, Campbell P, Gibbs SD, et al. A randomized study of bortezomib, cyclophosphamide and dexamethasone induction (vcd) versus vcd and daratumumab indu
second_pass	Cochrane_reviews/second_pass/CD013595_daratumumab_ndmm.pdf	CD013595_daratumumab_ndmm	MAIA	registry	DRKS00007830	.	cochrane_pubmed_html_reference_block	extracted_from_pubmed_html	.	http://www.drks.de/DRKS00007830 https://www.clinicaltrialsregister.eu/ctr-search/search?query=eudract_number:2014-002273-11 Abbas S, Balg C, Hermanns T, Kerekes MF, Kobza S, Rüdig C, et al. Daratumumab (neu diagnostiziertes multiples myelom, stammzelltransplantation nicht geeignet) – nutzenbewertung gemäss § 35a sgb v. Available at: https://www.iqwig.de/de/projekte-ergebnisse/projekte/arzneimittelbewertu... 13.05.2020. Bahlis N, Facon T, Usmani SZ, Kumar SK, Plesner T, Orlowski RZ, et al. Daratumumab plus lenalidomide and dexamethasone (d-rd) versus lenalidomide and dexamethasone (rd) in patie
second_pass	Cochrane_reviews/second_pass/CD013595_daratumumab_ndmm.pdf	CD013595_daratumumab_ndmm	OCTANS	NCT	NCT03217812	https://clinicaltrials.gov/study/NCT03217812	cochrane_pubmed_html_reference_block	extracted_from_pubmed_html	.	Fu W, Bang S, Huang H, Kim K, Li W, An G, et al. Bortezomib, melphalan, and prednisone with or without daratumumab in transplant-ineligible Asian patients with newly diagnosed multiple myeloma: the phase 3 octans study. Clinical Lymphoma, Myeloma and Leukemia June 2023;23(6):446-55. - PubMed Fu W, Huang H, Li W, An G, Cai Z, Jin J, et al. P-163: efficacy and safety of daratumumab, bortezomib, melphalan, and prednisone (d-vmp) versus bortezomib, melphalan, and prednisone (vmp) in Chinese patients with newly diagnosed multiple myeloma: octans. In: Clinical Lymphoma, Myeloma and Leukemia. Vol. 21
second_pass	Cochrane_reviews/second_pass/CD013823_b12_pregnancy.pdf	CD013823_b12_pregnancy	Duggan 2014	NCT	NCT00641862	https://clinicaltrials.gov/study/NCT00641862	cochrane_pubmed_html_reference_block	extracted_from_pubmed_html	.	Duggan C, Srinivasan K, Thomas T, Samuel T, Rajendran R, Muthayya S, et al. Vitamin B-12 supplementation during pregnancy and early lactation increases maternal, breast milk, and infant measures of vitamin B-12 status. Journal of Nutrition 2014;144(5):758-64. [CENTRAL: CN-00989010] [EMBASE: 2014273285] [PMID: ] - PMC - PubMed Finkelstein JL, Kurpad AV, Bose B, Thomas T, Srinivasan K, Duggan C. Anaemia and iron deficiency in pregnancy and adverse perinatal outcomes in Southern India. European Journal of Clinical Nutrition 2019;74(1):112-25. [CENTRAL: CN-01960913] [EMBASE: 628527912] [PMID: ] -
second_pass	Cochrane_reviews/second_pass/CD013823_b12_pregnancy.pdf	CD013823_b12_pregnancy	Siddiqua 2016	NCT	NCT01795131	https://clinicaltrials.gov/study/NCT01795131	cochrane_pubmed_html_reference_block	extracted_from_pubmed_html	.	NCT01795131. Vitamin B12 supplementation during pregnancy [Role of vitamin B12 supplementation during pregnancy and postpartum to reduce nutritional anemia and improve immunity in Bangladeshi women and their infants]. clinicaltrials.gov/show/NCT01795131 (first received 20 February 2013). [CENTRAL: CN-01579081] Siddiqua T, Ahsan K, Ahmed S, Allen L, Raqib R. Vitamin B12 supplementation during pregnancy and postpartum increases maternal plasma anti-influenza IgA and ameliorates infant's plasma AGP response. FASEB Journal 2014;28(1 Suppl 1):Abstract 392.8. [CENTRAL: CN-01060790] [EMBASE: 71420840
second_pass	Cochrane_reviews/second_pass/CD013823_b12_pregnancy.pdf	CD013823_b12_pregnancy	Zec 2020	NCT	NCT03522428	https://clinicaltrials.gov/study/NCT03522428	cochrane_pubmed_html_reference_block	extracted_from_pubmed_html	.	NCT03522428. Vitamin B12 pregnancy supplementation [Vitamin B12 supplementation in addition to folic acid and iron improves hematological and biochemical markers in pregnancy: a randomized controlled trial]. clinicaltrials.gov/show/nct03522428 (first received 6 April 2018). [CENTRAL: CN-01599500] - PubMed Zec M, Roje D, Matovinovic M, Anticevic V, Librenjak Skare L, Jeroncic A, et al. Vitamin B12 supplementation in addition to folic acid and iron improves hematological and biochemical markers in pregnancy: a randomized controlled trial. Journal of Medicinal Food 2020;23(10):1054-9. [CENTRAL: C
