Study,Year,Data source,ID: CRS,Char: Methods,Char: Participants,Char: Interventions,Char: Outcomes,Char: Notes
Adusumalli 2023,2023,PUB,25735837,<p>Design: Parallel Cluster-RCT</p>,"<p>Country: USA&nbsp;<br>Setting: Primary care&nbsp;<br>N health professionals: 3426&nbsp;<br>N patients: 835,277</p>",<p>Number of arms: 2&nbsp;<br>Description of groups: Control: no intervention; Intervention 1: A&amp;F + peer benchmarking</p>,<p>Clinical behaviour category: Prescribing</p>,
Aghdassi 2020,2020,PUB,25735839,<p>Design: Parallel Cluster-RCT</p>,<p>Country: Germany&nbsp;<br>Setting: Hospital inpatient&nbsp;<br>N health professionals: NR&nbsp;<br>N patients: NR</p>,"<p>Number of arms: 2&nbsp;<br>Description of groups: Control: no intervention; Intervention: A&amp;F quarterly, plus education and dispensers</p>",<p>Clinical behaviour category: Other</p>,
Aghlmandi 2023,2023,PUB,25735841,<p>Design: Parallel Cluster-RCT</p>,<p>Country: Switzerland&nbsp;<br>Setting: Primary care&nbsp;<br>N health professionals: 158&nbsp;<br>N patients: 4131</p>,<p>Number of arms: 4&nbsp;<br>Description of groups: Control : no intervention; Intervention 1: clinical nudge (prescribing choice prompt + monthly peer comparison feedback report); Intervention 2: patient nudge (text messages to remind patients to discuss the statin during their GP consultation); Intervention 3: combined conditions in arm 2 and arm 3</p>,<p>Clinical behaviour category: Prescribing</p>,
Andrade 2022,2022,PUB,25735843,<p>Design: Parallel Cluster-RCT</p>,<p>Country: Australia&nbsp;<br>Setting: Primary care&nbsp;<br>N health professionals: 2552&nbsp;<br>N patients: 3271</p>,<p>Number of arms: 2&nbsp;<br>Description of groups: Intervention 1: A&amp;F + educational materials in DIGITAL format; Intervention 2: A&amp;F + educational materials in POSTAL letter format</p>,<p>Clinical behaviour category: Prescribing</p>,
Ashworth 2021,2021,PUB,25735845,<p>Design: Parallel Cluster-RCT</p>,<p>Country: Canada&nbsp;<br>Setting: Primary care&nbsp;<br>N health professionals: 296&nbsp;<br>N patients: NR</p>,<p>Number of arms: 4&nbsp;<br>Description of groups: Intervention 1: A&amp;F one time with patient-level information; Intervention 2: A&amp;F + letter from regulatory college; Intervention 3: A&amp;F + letter and phone call from pharmacist at regulatory college; Intervention 4: A&amp;F + letter and phone call from physician at regulatory college&nbsp;</p>,<p>Clinical behaviour category: Prescribing</p>,
Carney 2023,2023,PUB,25735847,<p>Design: Parallel Cluster-RCT</p>,<p>Country: Canada&nbsp;<br>Setting: Primary care&nbsp;<br>N health professionals: 4833&nbsp;<br>N patients: NR</p>,"<p>Number of arms: 2&nbsp;<br>Description of groups: Intervention 1: A&amp;F including a description of a common clinical encounter, E. coli resistance rate, prescribing benchmarking bar chart, and development process of the A&amp;F; Intervention 2: same intervention but with one-year delay</p>",<p>Clinical behaviour category: Prescribing</p>,
Catho 2022,2022,PUB,25735849,<p>Design: Parallel Cluster-RCT</p>,<p>Country: Switzerland&nbsp;<br>Setting: Hospital inpatient&nbsp;<br>N health professionals: NR&nbsp;<br>N patients: NR</p>,<p>Number of arms: 2&nbsp;<br>Description of groups: Control: receiving: A&amp;F + teaching sessions + benchmarking; Intervention: A&amp;F + decision-support (for type and duration of treatment) + self-guided re-evaluation of initial prescription</p>,<p>Clinical behaviour category: Prescribing</p>,
Chang 2020,2020,PUB,25735851,<p>Design: Cross-over</p>,<p>Country: China&nbsp;<br>Setting: Primary care&nbsp;<br>N health professionals: 164&nbsp;<br>N patients: NR</p>,<p>Number of arms: 2&nbsp;<br>Description of groups: Control: no intervention; Intervention: A&amp;F every 10 days on antibiotic prescribing</p>,<p>Clinical behaviour category: Prescribing</p>,
Chappell 2021,2021,PUB,25735853,<p>Design: Parallel Cluster-RCT</p>,<p>Country: New Zealand&nbsp;<br>Setting: Primary care&nbsp;<br>N health professionals: 1260&nbsp;<br>N patients: NR</p>,<p>Number of arms: 2&nbsp;<br>Description of groups: Control: no intervention; Intervention: A&amp;F letter with social norm info</p>,<p>Clinical behaviour category: Prescribing</p>,
Chidwick 2022,2022,PUB,25735855,<p>Design: Parallel Cluster-RCT</p>,<p>Country: Australia&nbsp;<br>Setting: Primary care&nbsp;<br>N health professionals: NR&nbsp;<br>N patients: 4935</p>,<p>Number of arms: 2&nbsp;<br>Description of groups: Control: no intervention; Intervention: A&amp;F and one-hour facilitated discussion</p>,<p>Clinical behaviour category: Prescribing</p>,
Coombs 2021,2021,PUB,25735857,<p>Design: Step-Wedge</p>,<p>Country: Australia&nbsp;<br>Setting: Emergency rooms&nbsp;<br>N health professionals: 269&nbsp;<br>N patients: 4491</p>,"<p>Number of arms: 2&nbsp;<br>Description of groups: Control: no intervention; Intervention: A&amp;F, education, fast-track outpatient care</p>",<p>Clinical behaviour category: Testing/exams</p>,
Crowley 2023,2023,PUB,25735859,<p>Design: Parallel Cluster-RCT</p>,"<p>Country: USA&nbsp;<br>Setting: Hospital inpatient&nbsp;<br>N health professionals: 438&nbsp;<br>N patients: 21,653</p>",<p>Number of arms: 4&nbsp;<br>Description of groups: Control: usual care; Intervention 1: A&amp;F; Intervention 2: peer benchmarking; Intervention 3: A&amp;F + peer benchmarking</p>,<p>Clinical behaviour category: Prescribing</p>,
Curtis 2021,2021,PUB,25735861,<p>Design: Parallel Cluster-RCT</p>,<p>Country: England&nbsp;<br>Setting: Primary care&nbsp;<br>N health professionals: NR&nbsp;<br>N patients: NR</p>,<p>Number of arms: 3&nbsp;<br>Description of groups: Control: no intervention; Intervention 1: A&amp;F with same message sent three times; Intervention 2: A&amp;F with same message sent three times&nbsp;</p>,<p>Clinical behaviour category: Prescribing</p>,
Daneman 2021,2021,PUB,25735863,<p>Design: Parallel Cluster-RCT</p>,"<p>Country: Canada&nbsp;<br>Setting: Nursing homes&nbsp;<br>N health professionals: 343&nbsp;<br>N patients: 36,194</p>",<p>Number of arms: 2&nbsp;<br>Description of groups: Intervention 1: Dynamic A&amp;F; Intervention 2: Static A&amp;F</p>,<p>Clinical behaviour category: Prescribing</p>,
Daneman 2022,2022,PUB,25735865,<p>Design: Parallel Cluster-RCT</p>,"<p>Country: Canada&nbsp;<br>Setting: Other&nbsp;<br>N health professionals: NR&nbsp;<br>N patients: &gt; 28,000</p>","<p>Number of arms: 3&nbsp;<br>Description of groups: Intervention 1: A&amp;F email with social peer comparison nudge; Intervention 2: A&amp;F email with ""a maintenance of professional certification incentive nudge""; Intervention 3: A&amp;F email with a prior participation nudge</p>",<p>Clinical behaviour category: Prescribing</p>,
Devore 2021,2021,PUB,25735867,<p>Design: Parallel Cluster-RCT</p>,<p>Country: USA&nbsp;<br>Setting: Hospital inpatient&nbsp;<br>N health professionals: NR&nbsp;<br>N patients: 5647</p>,"<p>Number of arms: 2&nbsp;<br>Description of groups: Control: no intervention; Intervention: A&amp;F, education, Continuous quality improvement</p>",<p>Clinical behaviour category: Other</p>,
Dutcher 2022,2022,PUB,25735869,<p>Design: Step-Wedge</p>,<p>Country: USA&nbsp;<br>Setting: Primary care&nbsp;<br>N health professionals: 183&nbsp;<br>N patients: NR</p>,<p>Number of arms: 2&nbsp;<br>Description of groups: Control: no intervention; Intervention: A&amp;F - peer benchmarking + educational sessions</p>,<p>Clinical behaviour category: Prescribing</p>,
Du Yan 2021,2021,PUB,25735871,<p>Design: Parallel Cluster-RCT</p>,<p>Country: USA&nbsp;<br>Setting: Primary care&nbsp;<br>N health professionals: 45&nbsp;<br>N patients: NR</p>,<p>Number of arms: 2&nbsp;<br>Description of groups: Control: education only; Intervention: A&amp;F monthly dashboard and education</p>,<p>Clinical behaviour category: Prescribing</p>,
Emond 2022,2022,PUB,25735873,<p>Design: Step-Wedge</p>,<p>Country: Netherlands&nbsp;<br>Setting: Hospital inpatient&nbsp;<br>N health professionals: NR&nbsp;<br>N patients: NR</p>,"<p>Number of arms: 2&nbsp;<br>Description of groups: Control: no intervention; Intervention: educational activities, audit and feedback, reminders, organisational, team-directed, and patient-mediated activities</p>",<p>Clinical behaviour category: Other</p>,
Gold 2022a,2022,PUB,25735877,<p>Design: Other</p>,<p>Country: England&nbsp;<br>Setting: Primary care&nbsp;<br>N health professionals: NR&nbsp;<br>N patients: NR</p>,<p>Number of arms: 2&nbsp;<br>Description of groups: Control: no intervention; Intervention: A&amp;F (social norm benchmarking)&nbsp;</p>,<p>Number of arms: 2&nbsp;<br>Description of groups: Control: no intervention; Intervention: A&amp;F (social norm benchmarking)&nbsp;</p>,
Gold 2022b,2022,PUB,27857713,<p>Design: Other</p>,<p>Country: England&nbsp;<br>Setting: Primary care&nbsp;<br>N health professionals: NR&nbsp;<br>N patients: NR</p>,<p>Number of arms: 2&nbsp;<br>Description of groups: Control: overall prescribing letter; Intervention 1: broad-spectrum letter A&amp;F; Intervention 2: broad-spectrum letter A&amp;F</p>,<p>Clinical behaviour category: Prescribing</p>,
Haskell 2021,2021,PUB,25735879,<p>Design: Parallel Cluster RCT</p>,<p>Country: Australia and New Zealand&nbsp;<br>Setting: Hospital inpatient&nbsp;<br>N health professionals: NR&nbsp;<br>N patients: 3727</p>,"<p>Number of arms: 2&nbsp;<br>Description of groups: Control: guideline dissemination; Intervention: site-based clinical leads, stakeholder meetings, a train-the-trainer workshop, targeted educational delivery, other educational and promotional materials, and audit and feedback</p>",<p>Clinical behaviour category: Other</p>,
Hocking 2022,2022,PUB,25735881,<p>Design: Factorial</p>,"<p>Country: Australia&nbsp;<br>Setting: Primary care&nbsp;<br>N health professionals: NR&nbsp;<br>N patients: 49,525</p>",<p>Number of arms: 4&nbsp;<br>Description of groups: Control: no intervention; Intervention 1: incentive; Intervention 2: A&amp;F + no incentive; Intervention 3: A&amp;F + incentive</p>,<p>Clinical behaviour category: Testing/exams</p>,
James 2022,2022,PUB,25735883,<p>Design: Step-Wedge</p>,<p>Country: Canada&nbsp;<br>Setting: Other&nbsp;<br>N health professionals: 34&nbsp;<br>N patients: 7106</p>,<p>Number of arms: 2&nbsp;<br>Description of groups: Control: usual care; Intervention: A&amp;F + educational session + decision aid</p>,<p>Clinical behaviour category: Treatment decision/action</p>,
Jones 2023,2023,PUB,25735885,<p>Design: Step-Wedge</p>,"<p>Country: Australia&nbsp;<br>Setting: Primary care&nbsp;<br>N health professionals: NR&nbsp;<br>N patients: 37,946</p>",<p>Number of arms: 4&nbsp;<br>Description of groups: Intervention 1: 2 intervention clusters in 4 periods (each) and 2 control clusters in 1 period ; Intervention 2: 2 intervention clusters in 3 periods (each) and 2 control clusters in 2 periods (each); Intervention 3: 2 intervention clusters in 2 periods (each) and 2 control clusters in 3 periods (each); Intervention 4: 2 intervention clusters in 1 period and 2 control clusters in 4 periods (each)</p>,<p>Clinical behaviour category: Diagnosis</p>,
Kallen 2021,2021,PUB,25735887,<p>Design: Parallel Cluster-RCT</p>,<p>Country: Netherlands&nbsp;<br>Setting: Hospital inpatient&nbsp;<br>N health professionals: NR&nbsp;<br>N patients: 8840</p>,<p>Number of arms: 3&nbsp;<br>Description of groups: Intervention 1: A&amp;F on antibiotic volume and continuous quality improvement; Intervention 2: A&amp;F on appropriateness of antibiotics and continuous quality improvement; Intervention 3: A&amp;F brief on appropriateness and continuous quality improvement</p>,<p>Clinical behaviour category: Prescribing</p>,
Kronman 2020,2020,PUB,25735889,<p>Design: Step-Wedge</p>,"<p>Country: USA&nbsp;<br>Setting: Primary care&nbsp;<br>N health professionals: NR&nbsp;<br>N patients: 29,762</p>","<p>Number of arms: 2&nbsp;<br>Description of groups: Control: no intervention; Intervention: online tutorials and webinars on evidence-based communication strategies and antibiotic prescribing, booster video vignettes, and individualised antibiotic prescribing feedback reports</p>",<p>Clinical behaviour category: Prescribing</p>,
Larkin 2021,2021,PUB,25735891,<p>Design: Parallel Cluster-RCT</p>,<p>Country: USA&nbsp;<br>Setting: Emergency rooms&nbsp;<br>N health professionals: 51&nbsp;<br>N patients: NR</p>,"<p>Number of arms: 2&nbsp;<br>Description of groups: Control: no intervention; Intervention: de-identified graph of the group’s baseline CT utilisation, asked to estimate wherein the distribution of their own CT order practices fell, and then shown their actual performance. All participants also received a brief educational intervention.</p>",<p>Clinical behaviour category: Testing/exams</p>,
Leis 2020,2020,PUB,25735893,<p>Design: Step-Wedge</p>,<p>Country: Canada&nbsp;<br>Setting: Hospital inpatient&nbsp;<br>N health professionals: NR&nbsp;<br>N patients: NR</p>,"<p>Number of arms: 2&nbsp;<br>Description of groups: Control: no intervention; Intervention: A&amp;F weekly, plus education and dispensers, and continuous quality improvement</p>",<p>Clinical behaviour category: Other</p>,
Lillo 2022,2022,PUB,25735895,<p>Design: Other</p>,"<p>Country: Denmark&nbsp;<br>Setting: Primary care&nbsp;<br>N health professionals: NR&nbsp;<br>N patients: 253,762</p>",<p>Number of arms: 7&nbsp;<br>Description of groups: Control: no intervention; Intervention 1: guidelines; Intervention 2: A&amp;F + guidelines; Intervention 3: guidelines + non-interruptive alert; Intervention 4: A&amp;F + guidelines + non-interruptive alert; Intervention 5: guidelines + non-interruptive alert + interruptive alert; Intervention 6: A&amp;F + guidelines + non-interruptive alert + interruptive alert&nbsp;</p>,<p>Clinical behaviour category: Testing/exams</p>,
Llewelyn 2023,2023,PUB,25735897,<p>Design: Step-Wedge</p>,"<p>Country: UK&nbsp;<br>Setting: Hospital inpatient&nbsp;<br>N health professionals: NR&nbsp;<br>N patients: 7,160,421</p>",<p>Number of arms: 2&nbsp;<br>Description of groups: Control: no intervention; Intervention: A&amp;F + decision aid + online training + educational materials</p>,<p>Clinical behaviour category: Prescribing</p>,
Loiacono 2021,2021,PUB,25735899,<p>Design: Parallel Cluster-RCT</p>,<p>Country: USA&nbsp;<br>Setting: pharmacies&nbsp;<br>N health professionals: NR&nbsp;<br>N patients: NR</p>,<p>Number of arms: 2&nbsp;<br>Description of groups: Control: no intervention; Intervention: A&amp;F with peer comparison</p>,<p>Clinical behaviour category: Immunisation</p>,
Manz 2020,2020,PUB,25735901,<p>Design: Step-Wedge</p>,"<p>Country: USA&nbsp;<br>Setting: other outpatient&nbsp;<br>N health professionals: 78&nbsp;<br>N patients: 14,607</p>",<p>Number of arms: 2&nbsp;<br>Description of groups: Control: no intervention; Intervention: A&amp;F weekly with patient-specific data and point-of-care reminders</p>,<p>Clinical behaviour category: Counselling</p>,
McCleary 2023,2023,PUB,25735903,<p>Design: Factorial</p>,"<p>Country: Canada&nbsp;<br>Setting: Other&nbsp;<br>N health professionals: 267&nbsp;<br>N patients: 11,017</p>","<p>Number of arms: 4&nbsp;<br>Description of groups: Intervention 1: 67 clusters (median benchmark, benefit framing); Intervention 2: 65 clusters (top quartile benchmark, benefit framing); Intervention 3: 75 clusters (median benchmark, risk framing); Intervention 4: 60 clusters (top quartile benchmark, risk framing)</p>",<p>Clinical behaviour category: Prescribing</p>,
McCracken 2023,2023,PUB,25735905,<p>Design: Other</p>,"<p>Country: Canada&nbsp;<br>Setting: Primary care&nbsp;<br>N health professionals: 5157&nbsp;<br>N patients: 55,080</p>",<p>Number of arms: 2&nbsp;<br>Description of groups: Intervention 1: Early feedback via mail; Intervention 2: Delayed feedback via mail</p>,<p>Clinical behaviour category: Prescribing</p>,
Meier 2022,2022,PUB,25735907,<p>Design: Parallel Cluster-RCT</p>,<p>Country: Switzerland&nbsp;<br>Setting: Primary care&nbsp;<br>N health professionals: 71&nbsp;<br>N patients: 3838</p>,<p>Number of arms: 2&nbsp;<br>Description of groups: Intervention 1: Bimonthly feedback reports with financial incentives; Intervention 2: Bimonthly feedback reports without financial incentives</p>,<p>Clinical behaviour category: Testing/exams</p>,
Mitchell 2021,2021,PUB,25735909,<p>Design: Parallel Cluster-RCT</p>,<p>Country: USA&nbsp;<br>Setting: Nursing homes&nbsp;<br>N health professionals: NR&nbsp;<br>N patients: 426</p>,"<p>Number of arms: 2&nbsp;<br>Description of groups: Control: no intervention; Intervention: in-person seminar, an online course, management algorithms (posters, pocket cards), communication tips (pocket cards), and feedback reports on prescribing of antimicrobials</p>",<p>Clinical behaviour category: Prescribing</p>,
Mortrude 2021,2021,PUB,25735911,<p>Design: Step-Wedge</p>,<p>Country: USA&nbsp;<br>Setting: Primary care&nbsp;<br>N health professionals: NR&nbsp;<br>N patients: NR</p>,<p>Number of arms: 2&nbsp;<br>Description of groups: Control: no intervention; Intervention: report cards and education and decision-support</p>,<p>Clinical behaviour category: Prescribing</p>,
Navathe 2022,2022,PUB,25735913,<p>Design: Factorial</p>,"<p>Country: USA&nbsp;<br>Setting: Hospital inpatient&nbsp;<br>N health professionals: 438&nbsp;<br>N patients: 294,962</p>",<p>Number of arms: 4&nbsp;<br>Description of groups: Control: Usual care; Intervention 1: Peer comparison feedback; Intervention 2: Individual audit feedback</p>,<p>Clinical behaviour category: Prescribing</p>,
O'Connor 2022,2022,PUB,25735915,<p>Design: Factorial</p>,<p>Country: Australia&nbsp;<br>Setting: Primary care&nbsp;<br>N health professionals: 3660&nbsp;<br>N patients: NR</p>,<p>Number of arms: 5&nbsp;<br>Description of groups: Intervention: Standard visual display and 1 feedback occasion; Intervention 2: Standard visual display and 2 feedback occasions; Intervention 3: Enhanced visual display and 1 feedback occasion</p>,<p>Clinical behaviour category: Referral</p>,
Perkins 2020,2020,PUB,25735917,<p>Design: Step-Wedge</p>,"<p>Country: USA&nbsp;<br>Setting: Primary care&nbsp;<br>N health professionals: NR&nbsp;<br>N patients: 16,136</p>","<p>Number of arms: 2&nbsp;<br>Description of groups: Control: no intervention; Intervention: interprofessional education and communication training for healthcare providers, data assessment and feedback, and creation of an action plan that included both provider- and system-level changes</p>",<p>Clinical behaviour category: Immunisation</p>,
Poss-Doering 2021,2021,PUB,25735919,<p>Design: Parallel Cluster-RCT</p>,<p>Country: Germany&nbsp;<br>Setting: Primary care&nbsp;<br>N health professionals: NR&nbsp;<br>N patients: NR</p>,"<p>Number of arms: 3&nbsp;<br>Description of groups: Intervention 1: A&amp;F with quality circles, plus education and incentives; Intervention 2: A&amp;F with quality circles, plus education and incentives, plus education for medical assistants and patient education; Intervention 3: A&amp;F with quality circles, plus education and incentives plus decision-support</p>",<p>Clinical behaviour category: Prescribing</p>,
Reynolds 2021,2021,PUB,25735921,<p>Design: Step-Wedge</p>,<p>Country: USA&nbsp;<br>Setting: Hospital inpatient&nbsp;<br>N health professionals: NR&nbsp;<br>N patients: NR</p>,<p>Number of arms: 2&nbsp;<br>Description of groups: Control: no intervention; Intervention: A&amp;F and educational outreach</p>,<p>Clinical behaviour category: Other</p>,
Riordan 2021,2021,PUB,25735923,<p>Design: Parallel Cluster-RCT</p>,<p>Country: Ireland&nbsp;<br>Setting: Primary care&nbsp;<br>N health professionals: NR&nbsp;<br>N patients: NR</p>,"<p>Number of arms: 2&nbsp;<br>Description of groups: Control: waiting list; Intervention: practice reimbursement, an audit of attendance, electronic prompts targeting professionals, General Practice-endorsed patient reminders and a patient information leaflet</p>",<p>Clinical behaviour category: Testing/exams</p>,
Roquilly 2020,2020,PUB,25735925,<p>Design: Parallel Cluster-RCT</p>,<p>Country: France&nbsp;<br>Setting: Hospital inpatient&nbsp;<br>N health professionals: NR&nbsp;<br>N patients: NR</p>,<p>Number of arms: 2&nbsp;<br>Description of groups: Control: no intervention; Intervention: A&amp;F</p>,<p>Clinical behaviour category: Prescribing</p>,
Ruud 2021,2021,PUB,25735927,<p>Design: Parallel Cluster-RCT</p>,<p>Country: Norway&nbsp;<br>Setting: other outpatient&nbsp;<br>N health professionals: NR&nbsp;<br>N patients: NR</p>,"<p>Number of arms: 2&nbsp;<br>Description of groups: Control: guideline dissemination; Intervention: toolkits, clinical training, implementation facilitation, data-based feedback&nbsp;</p>",<p>Clinical behaviour category: Other</p>,
Schmiemann 2023,2023,PUB,25735929,<p>Design: Parallel Cluster-RCT</p>,<p>Country: Germany&nbsp;<br>Setting: Primary care&nbsp;<br>N health professionals: NR&nbsp;<br>N patients: NR</p>,"<p>Number of arms: 2&nbsp;<br>Description of groups: Control: Practices in the control group were informed about their allocation in a study investigating the treatment of urinary tract infections in women and the upcoming data extraction after 12 months (Q4) but were unaware of the multimodal intervention; Intervention: guideline recommendations for GPs and patients, provision of regional resistance data, and quarterly feedback of individual antibiotic prescribing proportions, benchmarking, and telephone counselling</p>",<p>Clinical behaviour category: Prescribing</p>,
Schwartz 2021,2021,PUB,25735931,<p>Design: Parallel Cluster-RCT</p>,<p>Country: Canada&nbsp;<br>Setting: Primary care&nbsp;<br>N health professionals: 3500&nbsp;<br>N patients: NR</p>,<p>Number of arms: 3&nbsp;<br>Description of groups: Control: no intervention; Intervention 1: A&amp;F; Intervention 2: A&amp;F</p>,<p>Clinical behaviour category: Prescribing</p>,
Schweitzer 2022,2022,PUB,25735933,<p>Design: Step-Wedge</p>,<p>Country: Netherlands&nbsp;<br>Setting: Hospital inpatient&nbsp;<br>N health professionals: NR&nbsp;<br>N patients: 4084</p>,<p>Number of arms: 2&nbsp;<br>Description of groups: Control: no intervention; Intervention: Multifaceted antimicrobial stewardship intervention based on education on local guidelines and audit and feedback</p>,<p>Clinical behaviour category: Prescribing</p>,
Singer 2022,2022,PUB,25735935,<p>Design: Parallel Cluster-RCT</p>,<p>Country: Canada&nbsp;<br>Setting: Primary care&nbsp;<br>N health professionals: 178&nbsp;<br>N patients: NR</p>,"<p>Number of arms: 3&nbsp;<br>Description of groups: Control: did not receive any data specific to their prescribing; Intervention 1: Standard feedback report with a one-page summary of the Choosing Wisely Canada (CWC) recommendations of interest; Intervention 2: Standard feedback report, CWC recommendation summary and practice-specific data related to their prescribing rates for the CWC recommendations of interest, compared to rates for other providers at their clinic, in their health region and in the province</p>",<p>Clinical behaviour category: Prescribing</p>,
Skinner 2024,2024,PUB,25735937,<p>Design: Parallel Cluster-RCT</p>,"<p>Country: France&nbsp;<br>Setting: Hospital inpatient&nbsp;<br>N health professionals: NR&nbsp;<br>N patients: 155,362</p>","<p>Number of arms: 2&nbsp;<br>Description of groups: Control: no specific actions implemented; Intervention: Quarterly with control charts for monitoring their surgical outcomes (inpatient death, intensive care stay, reoperation and severe complications)</p>",<p>Clinical behaviour category: Other</p>,
Stanworth 2022,2022,PUB,25735939,<p>Design: Factorial</p>,<p>Country: UK&nbsp;<br>Setting: Hospital&nbsp;<br>N health professionals: NR&nbsp;<br>N patients: 2714</p>,"<p>Number of arms: 4&nbsp;<br>Description of groups: Intervention 1: Standard A&amp;F content (detailed report (approximately 50 pages long), a regional presentation slide set, and (sometimes) action plan templates) and standard support; Intervention 2: Standard A&amp;F content and enhanced support (toolkit that disseminates findings to all relevant clinical staff involved in transfusion decision-making; localised, team-level goal-setting, problem-solving, and action planning to change practice; and continued local monitoring of practice); Intervention 3: Enhanced A&amp;F content (a brief report highlighting comparative performance and recommendations for selected key audit standards (maximum of 6 pages), a longer report covering all audit standards (maximum of 34 pages), and the longer, detailed standard report) and standard support&nbsp;</p>",<p>Clinical behaviour category: Treatment decision/action</p>,
Suffoletto 2020,2020,PUB,25735941,<p>Design: Parallel Cluster-RCT</p>,<p>Country: USA&nbsp;<br>Setting: Emergency rooms&nbsp;<br>N health professionals: 37&nbsp;<br>N patients: NR</p>,<p>Number of arms: 2&nbsp;<br>Description of groups: Intervention 1: A&amp;F; Intervention 2: A&amp;F with peer norm info</p>,<p>Clinical behaviour category: Prescribing</p>,
Tangri 2021,2021,PUB,25735943,<p>Design: Parallel Cluster-RCT</p>,<p>Country: Canada&nbsp;<br>Setting: other outpatient&nbsp;<br>N health professionals: NR&nbsp;<br>N patients: NR</p>,"<p>Number of arms: 2&nbsp;<br>Description of groups: Control: no intervention; Intervention: A&amp;F, education, detailing</p>",<p>Clinical behaviour category: Referral</p>,
Tinmouth 2021,2021,PUB,25735945,<p>Design: Parallel Cluster-RCT</p>,<p>Country: Canada&nbsp;<br>Setting: other outpatient&nbsp;<br>N health professionals: 33&nbsp;<br>N patients: NR</p>,<p>Number of arms: 2&nbsp;<br>Description of groups: Control: no intervention; Intervention: A&amp;F</p>,<p>Clinical behaviour category: Other</p>,
Torrente 2020,2020,PUB,25735947,<p>Design: Parallel Cluster-RCT</p>,<p>Country: Argentina&nbsp;<br>Setting: other outpatient&nbsp;<br>N health professionals: 1811&nbsp;<br>N patients: NR</p>,<p>Number of arms: 2&nbsp;<br>Description of groups: Intervention 1: A&amp;F emails x2; Intervention 2: educational emails</p>,<p>Clinical behaviour category: Prescribing</p>,
Van Schie 2022,2022,PUB,25735949,<p>Design: Parallel Cluster-RCT</p>,"<p>Country: Netherlands&nbsp;<br>Setting: Hospital&nbsp;<br>N health professionals: NR&nbsp;<br>N patients: 32,923</p>","<p>Number of arms: 2&nbsp;<br>Description of groups: Control: usual care; Intervention: Monthly updated feedback, education to interpret the feedback combined with clear targets for improvement of specific indicators, action implementation toolbox including evidence-based quality improvement initiative for each indicator reported in the feedback; short survey was emailed every 2 months together with the feedback to evaluate adherence to the intervention</p>",<p>Clinical behaviour category: Other</p>,
Van Vugt 2021,2021,PUB,25735951,<p>Design: Parallel Cluster-RCT</p>,<p>Country: Netherlands&nbsp;<br>Setting: Primary care&nbsp;<br>N health professionals: NR&nbsp;<br>N patients: NR</p>,"<p>Number of arms: 2&nbsp;<br>Description of groups: Intervention 1: A&amp;F, education; Intervention 2: A&amp;F, education, patient education</p>",<p>Clinical behaviour category: Testing/exams</p>,
Vaughan 2023,2023,PUB,25735953,<p>Design: Parallel Cluster-RCT</p>,<p>Country: USA&nbsp;<br>Setting: Other&nbsp;<br>N health professionals: 1186&nbsp;<br>N patients: NR</p>,"<p>Number of arms: 2&nbsp;<br>Description of groups: Intervention 1: In-person A&amp;F (one-to-one (1:1) academic detailing from a professional colleague that included in-person audit, feedback, and peer benchmarking and on-site engagement); Intervention 2: Dashboard A&amp;F (monthly provider feedback via an electronic dashboard with an emailed summary and link to view detailed prescribing audit, feedback, and peer benchmarking)</p>",<p>Clinical behaviour category: Prescribing</p>,
Wallis 2022,2022,PUB,25735955,<p>Design: Parallel Cluster-RCT</p>,"<p>Country: New Zealand&nbsp;<br>Setting: Primary care&nbsp;<br>N health professionals: NR&nbsp;<br>N patients: 21,867</p>","<p>Number of arms: 2&nbsp;<br>Description of groups: Control: no intervention; Intervention: A&amp;F, detailing, patient info</p>",<p>Clinical behaviour category: Prescribing</p>,
Yang 2023,2023,PUB,25735957,<p>Design: Other</p>,<p>Country: China&nbsp;<br>Setting: Primary care&nbsp;<br>N health professionals: 335&nbsp;<br>N patients: NR</p>,"<p>Number of arms: 2&nbsp;<br>Description of groups: Control: no intervention; Intervention: real-time pop-up warning message, a 10-day antibiotic prescription feedback summary, and distribution of educational manuals</p>",<p>Clinical behaviour category: Prescribing</p>,
